time,from,to
1,0,5578
2,0,4257
3,0,6536
4,0,4478
5,0,5326
6,0,5233
7,0,5080
8,0,5179
9,0,4380
10,0,4785
11,0,2851
12,0,825
13,0,2034
14,0,-58
15,0,1289
16,0,2543
17,0,2693
18,0,2766
19,0,2429
20,0,2154
21,0,1096
22,0,-8
23,0,413
24,0,1345
25,0,2725
26,0,4670
27,0,6092
28,0,5908
29,0,5699
30,0,5248
31,0,4905
32,0,3511
33,0,2046
34,0,1474
35,0,889
36,0,583
37,0,933
38,0,310
39,0,1211
40,0,1762
41,0,2666
42,0,984
43,0,900
44,0,1365
45,0,740
46,0,1196
47,0,14
48,0,548
49,0,2757
50,0,5158
51,0,7088
52,0,6361
53,0,5401
54,0,4943
55,0,4730
56,0,3127
57,0,701
58,0,210
59,0,146
60,0,440
61,0,1015
62,0,511
63,0,-67
64,0,-148
65,0,1474
66,0,1893
67,0,881
68,0,888
69,0,902
70,0,727
71,0,-278
72,0,1729
73,0,4121
74,0,6481
75,0,7823
76,0,7909
77,0,7467
78,0,7300
79,0,5788
80,0,2770
81,0,395
82,0,333
83,0,495
84,0,798
85,0,1215
86,0,1399
87,0,2171
88,0,2859
89,0,597
90,0,1730
91,0,1157
92,0,886
93,0,1219
94,0,1134
95,0,109
96,0,1714
97,0,3890
98,0,6669
99,0,8076
100,0,7768
101,0,7614
102,0,7631
103,0,6535
104,0,4076
105,0,1856
106,0,1274
107,0,107
108,0,565
109,0,1283
110,0,452
111,0,1276
112,0,749
113,0,1095
114,0,1861
115,0,803
116,0,1108
117,0,1303
118,0,210
119,0,-462
120,0,682
121,0,687
122,0,1045
123,0,991
124,0,1912
125,0,2216
126,0,2447
127,0,2545
128,0,2717
129,0,2655
130,0,1376
131,0,1123
132,0,389
133,0,303
134,0,497
135,0,-13
136,0,-279
137,0,457
138,0,1666
139,0,1344
140,0,707
141,0,878
142,0,1054
143,0,-440
144,0,332
145,0,739
146,0,1881
147,0,3524
148,0,4355
149,0,4430
150,0,4551
151,0,4808
152,0,3652
153,0,4102
154,0,998
155,0,78
156,0,16
157,0,2044
158,0,758
159,0,601
160,0,396
161,0,1413
162,0,2010
163,0,1111
164,0,980
165,0,444
166,0,931
167,0,-329
168,0,795
169,0,-321
170,0,39
171,0,697
172,0,991
173,0,1495
174,0,3306
175,0,2430
176,0,-285
177,0,506
178,0,-90
179,0,453
180,0,456
181,0,715
182,0,764
183,0,719
184,0,655
185,0,738
186,0,860
187,0,579
188,0,952
189,0,812
190,0,1086
191,0,-431
192,0,-366
193,0,467
194,0,773
195,0,1672
196,0,2250
197,0,2283
198,0,3137
199,0,3611
200,0,1408
201,0,749
202,0,553
203,0,353
204,0,1033
205,0,968
206,0,613
207,0,194
208,0,401
209,0,802
210,0,885
211,0,846
212,0,1102
213,0,864
214,0,557
215,0,-461
216,0,1134
217,0,1062
218,0,1714
219,0,2542
220,0,2687
221,0,2730
222,0,2942
223,0,4012
224,0,2575
225,0,617
226,0,800
227,0,155
228,0,1157
229,0,638
230,0,106
231,0,758
232,0,1099
233,0,1869
234,0,2653
235,0,1363
236,0,1044
237,0,859
238,0,167
239,0,1021
240,0,4366
241,0,5855
242,0,6933
243,0,8300
244,0,9115
245,0,8915
246,0,8788
247,0,5398
248,0,2304
249,0,1128
250,0,-20
251,0,-349
252,0,-431
253,0,350
254,0,77
255,0,1165
256,0,1421
257,0,1802
258,0,1531
259,0,356
260,0,1228
261,0,529
262,0,465
263,0,50
264,0,924
265,0,489
266,0,1077
267,0,1009
268,0,1296
269,0,1814
270,0,2004
271,0,2343
272,0,1756
273,0,494
274,0,835
275,0,-146
276,0,73
277,0,696
278,0,784
279,0,644
280,0,1069
281,0,1363
282,0,1754
283,0,1184
284,0,1195
285,0,672
286,0,844
287,0,228
288,0,509
289,0,1138
290,0,1584
291,0,1727
292,0,2575
293,0,2760
294,0,2861
295,0,2293
296,0,2718
297,0,1539
298,0,938
299,0,626
300,0,590
301,0,1115
302,0,501
303,0,667
304,0,802
305,0,763
306,0,1687
307,0,268
308,0,1104
309,0,703
310,0,1019
311,0,-191
312,0,409
313,0,631
314,0,2050
315,0,3146
316,0,4070
317,0,4613
318,0,4504
319,0,3797
320,0,3064
321,0,2248
322,0,1742
323,0,659
324,0,96
325,0,264
326,0,572
327,0,373
328,0,224
329,0,457
330,0,1599
331,0,1145
332,0,1873
333,0,620
334,0,38
335,0,-446
336,0,-225
337,0,453
338,0,222
339,0,688
340,0,866
341,0,1139
342,0,1606
343,0,1765
344,0,1189
345,0,103
346,0,101
347,0,180
348,0,399
349,0,954
350,0,936
351,0,960
352,0,1288
353,0,932
354,0,777
355,0,995
356,0,1282
357,0,628
358,0,893
359,0,-97
360,0,1679
361,0,2259
362,0,4301
363,0,6217
364,0,7323
365,0,7754
366,0,7863
367,0,6214
368,0,1516
369,0,678
370,0,405
371,0,780
372,0,784
373,0,831
374,0,1287
375,0,1897
376,0,2314
377,0,1649
378,0,2021
379,0,1151
380,0,1238
381,0,850
382,0,686
383,0,-284
384,0,1723
385,0,4273
386,0,6778
387,0,7563
388,0,8042
389,0,8378
390,0,8270
391,0,6387
392,0,2196
393,0,736
394,0,331
395,0,1093
396,0,459
397,0,1066
398,0,974
399,0,1130
400,0,1613
401,0,1576
402,0,1794
403,0,1463
404,0,1496
405,0,1073
406,0,-273
407,0,-428
408,0,825
409,0,436
410,0,1137
411,0,1487
412,0,1866
413,0,2190
414,0,2734
415,0,2314
416,0,965
417,0,678
418,0,565
419,0,503
420,0,575
421,0,765
422,0,753
423,0,620
424,0,968
425,0,811
426,0,1862
427,0,976
428,0,1284
429,0,889
430,0,1188
431,0,-448
432,0,91
433,0,-74
434,0,303
435,0,362
436,0,486
437,0,1789
438,0,2615
439,0,1807
440,0,1710
441,0,346
442,0,476
443,0,-33
444,0,9
445,0,774
446,0,485
447,0,195
448,0,550
449,0,637
450,0,1045
451,0,766
452,0,831
453,0,838
454,0,377
455,0,-598
456,0,494
457,0,162
458,0,795
459,0,1111
460,0,1322
461,0,2415
462,0,3251
463,0,2702
464,0,1308
465,0,1620
466,0,857
467,0,581
468,0,880
469,0,400
470,0,1383
471,0,2501
472,0,4635
473,0,4586
474,0,2690
475,0,363
476,0,1188
477,0,907
478,0,1113
479,0,814
480,0,908
481,0,3053
482,0,5517
483,0,7096
484,0,7762
485,0,8630
486,0,8753
487,0,8166
488,0,7277
489,0,6251
490,0,4334
491,0,1222
492,0,739
493,0,1266
494,0,1768
495,0,3236
496,0,4540
497,0,4899
498,0,2967
499,0,1593
500,0,1107
501,0,1292
502,0,261
503,0,302
504,0,-72
505,0,171
506,0,1584
507,0,3493
508,0,4361
509,0,5337
510,0,5340
511,0,4139
512,0,1738
513,0,731
514,0,160
515,0,368
516,0,156
517,0,512
518,0,448
519,0,17
520,0,838
521,0,994
522,0,833
523,0,1375
524,0,1336
525,0,316
526,0,-224
527,0,165
528,0,854
529,0,651
530,0,443
531,0,749
532,0,1236
533,0,1623
534,0,1945
535,0,1866
536,0,1186
537,0,99
538,0,506
539,0,79
540,0,610
541,0,404
542,0,609
543,0,777
544,0,704
545,0,1574
546,0,1084
547,0,605
548,0,586
549,0,964
550,0,788
551,0,-190
552,0,399
553,0,-400
554,0,484
555,0,1369
556,0,1184
557,0,1249
558,0,1527
559,0,2184
560,0,1497
561,0,286
562,0,424
563,0,270
564,0,439
565,0,824
566,0,566
567,0,710
568,0,709
569,0,1180
570,0,1851
571,0,333
572,0,856
573,0,1235
574,0,737
575,0,-634
576,0,1425
577,0,63
578,0,625
579,0,1140
580,0,922
581,0,1424
582,0,1714
583,0,2553
584,0,1207
585,0,-33
586,0,670
587,0,530
588,0,19
589,0,218
590,0,969
591,0,185
592,0,551
593,0,521
594,0,540
595,0,-2
596,0,755
597,0,554
598,0,-163
599,0,-887
600,0,1140
601,0,-70
602,0,2892
603,0,4230
604,0,5753
605,0,5800
606,0,5794
607,0,4261
608,0,1954
609,0,201
610,0,350
611,0,369
612,0,-537
613,0,105
614,0,-956
615,0,245
616,0,673
617,0,983
618,0,2130
619,0,803
620,0,753
621,0,882
622,0,448
623,0,-772
624,0,784
625,0,275
626,0,2130
627,0,4052
628,0,5383
629,0,5018
630,0,4806
631,0,3597
632,0,2198
633,0,2033
634,0,573
635,0,46
636,0,304
637,0,789
638,0,630
639,0,829
640,0,2133
641,0,2338
642,0,2267
643,0,652
644,0,915
645,0,856
646,0,1144
647,0,5
648,0,576
649,0,-607
650,0,-74
651,0,1648
652,0,3024
653,0,4325
654,0,4604
655,0,4529
656,0,4541
657,0,4147
658,0,2503
659,0,1336
660,0,-64
661,0,30
662,0,318
663,0,-391
664,0,349
665,0,1507
666,0,2428
667,0,1445
668,0,791
669,0,715
670,0,628
671,0,775
672,0,-292
673,0,53
674,0,1254
675,0,1856
676,0,2147
677,0,2078
678,0,2949
679,0,1475
680,0,833
681,0,522
682,0,-38
683,0,526
684,0,-247
685,0,706
686,0,-40
687,0,-46
688,0,44
689,0,-429
690,0,521
691,0,969
692,0,227
693,0,618
694,0,-401
695,0,-354
696,0,-426
697,0,-393
698,0,528
699,0,1205
700,0,1461
701,0,1172
702,0,1705
703,0,1406
704,0,1013
705,0,187
706,0,20
707,0,-228
708,0,-357
709,0,91
710,0,-346
711,0,-237
712,0,17
713,0,248
714,0,834
715,0,790
716,0,456
717,0,76
718,0,-102
719,0,-1291
720,0,284
721,0,-478
722,0,554
723,0,795
724,0,1107
725,0,1431
726,0,1671
727,0,1909
728,0,1033
729,0,-200
730,0,-312
731,0,-116
732,0,65
733,0,414
734,0,66
735,0,146
736,0,472
737,0,991
738,0,723
739,0,77
740,0,842
741,0,1377
742,0,369
743,0,-668
744,0,119
745,0,-117
746,0,1003
747,0,1297
748,0,1381
749,0,1873
750,0,2598
751,0,1914
752,0,764
753,0,44
754,0,549
755,0,461
756,0,443
757,0,642
758,0,332
759,0,1178
760,0,2034
761,0,1408
762,0,1640
763,0,857
764,0,704
765,0,495
766,0,-167
767,0,-486
768,0,684
769,0,-261
770,0,1103
771,0,2203
772,0,3331
773,0,3814
774,0,4997
775,0,4391
776,0,1249
777,0,451
778,0,147
779,0,-69
780,0,320
781,0,390
782,0,193
783,0,-201
784,0,546
785,0,1355
786,0,1456
787,0,1786
788,0,958
789,0,552
790,0,85
791,0,-280
792,0,882
793,0,-346
794,0,152
795,0,1143
796,0,1621
797,0,2172
798,0,2408
799,0,1550
800,0,1622
801,0,2015
802,0,1127
803,0,-655
804,0,418
805,0,579
806,0,381
807,0,1968
808,0,3521
809,0,3473
810,0,3891
811,0,2565
812,0,1907
813,0,1701
814,0,803
815,0,132
816,0,680
817,0,218
818,0,1520
819,0,3274
820,0,4050
821,0,4190
822,0,4658
823,0,4309
824,0,3855
825,0,3068
826,0,828
827,0,182
828,0,-111
829,0,699
830,0,377
831,0,-152
832,0,165
833,0,423
834,0,1031
835,0,874
836,0,1128
837,0,957
838,0,634
839,0,-223
840,0,170
841,0,157
842,0,1251
843,0,1463
844,0,2231
845,0,2721
846,0,3457
847,0,2639
848,0,840
849,0,607
850,0,191
851,0,474
852,0,489
853,0,927
854,0,459
855,0,442
856,0,462
857,0,11
858,0,1491
859,0,1973
860,0,781
861,0,891
862,0,30
863,0,-390
864,0,914
865,0,194
866,0,1374
867,0,3735
868,0,4591
869,0,4888
870,0,5293
871,0,2983
872,0,208
873,0,1634
874,0,1193
875,0,-2310
876,0,608
877,0,695
878,0,474
879,0,923
880,0,630
881,0,548
882,0,641
883,0,2171
884,0,1186
885,0,1152
886,0,115
887,0,-46
888,0,909
889,0,625
890,0,637
891,0,1356
892,0,1784
893,0,1906
894,0,2510
895,0,1826
896,0,956
897,0,847
898,0,-613
899,0,536
900,0,1326
901,0,314
902,0,703
903,0,482
904,0,290
905,0,202
906,0,864
907,0,3330
908,0,1695
909,0,766
910,0,543
911,0,-298
912,0,763
913,0,434
914,0,505
915,0,1104
916,0,1308
917,0,1377
918,0,2007
919,0,1498
920,0,-740
921,0,832
922,0,-53
923,0,1054
924,0,230
925,0,617
926,0,630
927,0,548
928,0,598
929,0,-677
930,0,-755
931,0,2166
932,0,2385
933,0,2490
934,0,177
935,0,-879
936,0,785
937,0,46
938,0,1086
939,0,902
940,0,1194
941,0,1729
942,0,1540
943,0,827
944,0,86
945,0,1154
946,0,489
947,0,129
948,0,932
949,0,658
950,0,247
951,0,139
952,0,834
953,0,165
954,0,385
955,0,529
956,0,1281
957,0,967
958,0,677
959,0,235
960,0,1727
961,0,948
962,0,773
963,0,1191
964,0,2466
965,0,2975
966,0,3269
967,0,3515
968,0,3019
969,0,1772
970,0,811
971,0,435
972,0,390
973,0,649
974,0,261
975,0,1401
976,0,3127
977,0,4053
978,0,3769
979,0,1464
980,0,1245
981,0,1246
982,0,1430
983,0,804
984,0,486
985,0,333
986,0,1713
987,0,2900
988,0,4225
989,0,5121
990,0,5313
991,0,5574
992,0,5116
993,0,5668
994,0,4476
995,0,2094
996,0,1207
997,0,1572
998,0,1564
999,0,2463
1000,0,4805
1001,0,6593
1002,0,6126
1003,0,3265
1004,0,1442
1005,0,868
1006,0,244
1007,0,109
1008,0,-212
1009,0,744
1010,0,2266
1011,0,3750
1012,0,4656
1013,0,4467
1014,0,4978
1015,0,4635
1016,0,2271
1017,0,452
1018,0,1
1019,0,200
1020,0,550
1021,0,918
1022,0,614
1023,0,572
1024,0,772
1025,0,1658
1026,0,1023
1027,0,2278
1028,0,1114
1029,0,844
1030,0,218
1031,0,-265
1032,0,311
1033,0,-81
1034,0,633
1035,0,1797
1036,0,2551
1037,0,3395
1038,0,3807
1039,0,4585
1040,0,2889
1041,0,986
1042,0,602
1043,0,545
1044,0,473
1045,0,758
1046,0,568
1047,0,2149
1048,0,2438
1049,0,1176
1050,0,1067
1051,0,2514
1052,0,1405
1053,0,189
1054,0,300
1055,0,-259
1056,0,1178
1057,0,3979
1058,0,6425
1059,0,6860
1060,0,6767
1061,0,7677
1062,0,6408
1063,0,6500
1064,0,3018
1065,0,2121
1066,0,995
1067,0,715
1068,0,768
1069,0,1146
1070,0,756
1071,0,1231
1072,0,1503
1073,0,1531
1074,0,1474
1075,0,2562
1076,0,1266
1077,0,948
1078,0,-53
1079,0,-502
1080,0,464
1081,0,2393
1082,0,4476
1083,0,5717
1084,0,6009
1085,0,5773
1086,0,5191
1087,0,2665
1088,0,909
1089,0,1516
1090,0,742
1091,0,393
1092,0,284
1093,0,787
1094,0,229
1095,0,653
1096,0,877
1097,0,1090
1098,0,1399
1099,0,1004
1100,0,1293
1101,0,432
1102,0,659
1103,0,-94
1104,0,223
1105,0,-238
1106,0,516
1107,0,956
1108,0,455
1109,0,943
1110,0,763
1111,0,2549
1112,0,593
1113,0,392
1114,0,473
1115,0,649
1116,0,413
1117,0,630
1118,0,35
1119,0,778
1120,0,662
1121,0,921
1122,0,1515
1123,0,520
1124,0,547
1125,0,655
1126,0,695
1127,0,-358
1128,0,520
1129,0,243
1130,0,145
1131,0,361
1132,0,618
1133,0,893
1134,0,1074
1135,0,1183
1136,0,2056
1137,0,2281
1138,0,1702
1139,0,103
1140,0,-53
1141,0,428
1142,0,32
1143,0,538
1144,0,799
1145,0,1942
1146,0,1442
1147,0,1339
1148,0,894
1149,0,995
1150,0,881
1151,0,51
1152,0,363
1153,0,248
1154,0,487
1155,0,1549
1156,0,2026
1157,0,2552
1158,0,2804
1159,0,2759
1160,0,2275
1161,0,3264
1162,0,1396
1163,0,-481
1164,0,-181
1165,0,374
1166,0,1246
1167,0,822
1168,0,1139
1169,0,2543
1170,0,3483
1171,0,3006
1172,0,1462
1173,0,605
1174,0,977
1175,0,-74
1176,0,508
1177,0,335
1178,0,314
1179,0,100
1180,0,165
1181,0,120
1182,0,1324
1183,0,2276
1184,0,-343
1185,0,963
1186,0,632
1187,0,220
1188,0,326
1189,0,529
1190,0,0
1191,0,476
1192,0,338
1193,0,-367
1194,0,178
1195,0,2166
1196,0,2518
1197,0,1620
1198,0,525
1199,0,-472
1200,0,1603
1201,0,781
1202,0,1319
1203,0,2025
1204,0,3366
1205,0,3141
1206,0,3356
1207,0,3187
1208,0,42
1209,0,958
1210,0,231
1211,0,-349
1212,0,482
1213,0,1109
1214,0,533
1215,0,705
1216,0,593
1217,0,-297
1218,0,1792
1219,0,3190
1220,0,3290
1221,0,1597
1222,0,713
1223,0,-528
1224,0,1652
1225,0,2207
1226,0,3619
1227,0,4437
1228,0,4859
1229,0,5255
1230,0,4721
1231,0,2571
1232,0,1378
1233,0,1034
1234,0,257
1235,0,97
1236,0,1568
1237,0,1738
1238,0,1103
1239,0,1159
1240,0,860
1241,0,-377
1242,0,2000
1243,0,3401
1244,0,2279
1245,0,1485
1246,0,-35
1247,0,-275
1248,0,1152
1249,0,-180
1250,0,833
1251,0,1804
1252,0,2587
1253,0,2915
1254,0,2120
1255,0,2083
1256,0,1205
1257,0,919
1258,0,-484
1259,0,154
1260,0,1109
1261,0,2470
1262,0,2790
1263,0,2604
1264,0,2622
1265,0,1058
1266,0,2450
1267,0,3190
1268,0,1725
1269,0,1804
1270,0,-350
1271,0,-1305
1272,0,778
1273,0,719
1274,0,775
1275,0,988
1276,0,1206
1277,0,1860
1278,0,1096
1279,0,1864
1280,0,947
1281,0,1981
1282,0,-78
1283,0,849
1284,0,410
1285,0,353
1286,0,72
1287,0,-130
1288,0,579
1289,0,444
1290,0,787
1291,0,2520
1292,0,1179
1293,0,1066
1294,0,312
1295,0,100
1296,0,1207
1297,0,-22
1298,0,155
1299,0,762
1300,0,807
1301,0,990
1302,0,912
1303,0,1013
1304,0,1063
1305,0,946
1306,0,540
1307,0,71
1308,0,132
1309,0,929
1310,0,463
1311,0,243
1312,0,847
1313,0,1174
1314,0,2107
1315,0,1101
1316,0,728
1317,0,895
1318,0,798
1319,0,210
1320,0,610
1321,0,448
1322,0,285
1323,0,774
1324,0,1277
1325,0,1243
1326,0,958
1327,0,1302
1328,0,964
1329,0,1535
1330,0,643
1331,0,-27
1332,0,23
1333,0,801
1334,0,950
1335,0,1406
1336,0,2872
1337,0,3470
1338,0,3168
1339,0,2488
1340,0,2333
1341,0,609
1342,0,498
1343,0,45
1344,0,-662
1345,0,516
1346,0,2328
1347,0,4411
1348,0,4458
1349,0,3900
1350,0,2877
1351,0,1360
1352,0,1634
1353,0,443
1354,0,125
1355,0,296
1356,0,1332
1357,0,461
1358,0,757
1359,0,475
1360,0,-305
1361,0,-926
1362,0,136
1363,0,1294
1364,0,769
1365,0,889
1366,0,-293
1367,0,-1005
1368,0,485
1369,0,-361
1370,0,-62
1371,0,679
1372,0,805
1373,0,1191
1374,0,2079
1375,0,1913
1376,0,1437
1377,0,396
1378,0,-553
1379,0,439
1380,0,103
1381,0,272
1382,0,584
1383,0,10
1384,0,-347
1385,0,-251
1386,0,-94
1387,0,856
1388,0,816
1389,0,965
1390,0,598
1391,0,469
1392,0,1052
1393,0,-946
1394,0,2
1395,0,-107
1396,0,560
1397,0,829
1398,0,1981
1399,0,2092
1400,0,237
1401,0,-206
1402,0,-490
1403,0,449
1404,0,-134
1405,0,303
1406,0,-213
1407,0,349
1408,0,205
1409,0,303
1410,0,757
1411,0,999
1412,0,896
1413,0,881
1414,0,103
1415,0,-273
1416,0,-143
1417,0,-505
1418,0,731
1419,0,1390
1420,0,1644
1421,0,2478
1422,0,3936
1423,0,2680
1424,0,1887
1425,0,-666
1426,0,1
1427,0,-353
1428,0,-445
1429,0,-690
1430,0,-505
1431,0,91
1432,0,524
1433,0,1088
1434,0,2411
1435,0,1522
1436,0,1226
1437,0,351
1438,0,221
1439,0,26
1440,0,1127
1441,0,2633
1442,0,4088
1443,0,4260
1444,0,4536
1445,0,3167
1446,0,2731
1447,0,1993
1448,0,1680
1449,0,32
1450,0,305
1451,0,194
1452,0,344
1453,0,-10
1454,0,-918
1455,0,-539
1456,0,654
1457,0,1310
1458,0,1110
1459,0,1087
1460,0,993
1461,0,1424
1462,0,658
1463,0,207
1464,0,64
1465,0,2292
1466,0,5014
1467,0,6478
1468,0,7095
1469,0,7730
1470,0,8150
1471,0,8211
1472,0,7135
1473,0,5672
1474,0,2971
1475,0,1051
1476,0,825
1477,0,2195
1478,0,1978
1479,0,2403
1480,0,2934
1481,0,1534
1482,0,380
1483,0,1591
1484,0,3161
1485,0,1432
1486,0,221
1487,0,-843
1488,0,-907
1489,0,2
1490,0,2049
1491,0,4427
1492,0,6877
1493,0,7563
1494,0,7754
1495,0,7190
1496,0,6063
1497,0,3989
1498,0,2512
1499,0,1555
1500,0,571
1501,0,594
1502,0,1160
1503,0,2870
1504,0,4301
1505,0,4616
1506,0,3823
1507,0,2198
1508,0,1550
1509,0,1800
1510,0,-214
1511,0,-352
1512,0,1309
1513,0,2479
1514,0,4071
1515,0,5592
1516,0,6982
1517,0,6386
1518,0,7806
1519,0,5252
1520,0,1013
1521,0,237
1522,0,1028
1523,0,1099
1524,0,1289
1525,0,1299
1526,0,395
1527,0,881
1528,0,342
1529,0,29
1530,0,1084
1531,0,1024
1532,0,1703
1533,0,1731
1534,0,-645
1535,0,-1173
1536,0,1413
1537,0,2590
1538,0,4220
1539,0,5114
1540,0,5521
1541,0,5771
1542,0,6664
1543,0,5120
1544,0,1467
1545,0,664
1546,0,702
1547,0,1440
1548,0,975
1549,0,1309
1550,0,775
1551,0,1584
1552,0,1656
1553,0,434
1554,0,1018
1555,0,1419
1556,0,3225
1557,0,2063
1558,0,-223
1559,0,-854
1560,0,939
1561,0,1811
1562,0,3465
1563,0,4681
1564,0,5246
1565,0,5703
1566,0,5040
1567,0,3833
1568,0,948
1569,0,1385
1570,0,676
1571,0,168
1572,0,1696
1573,0,1604
1574,0,1256
1575,0,1003
1576,0,1121
1577,0,612
1578,0,258
1579,0,1960
1580,0,2099
1581,0,1021
1582,0,172
1583,0,-176
1584,0,153
1585,0,406
1586,0,2341
1587,0,3220
1588,0,4211
1589,0,4722
1590,0,4794
1591,0,3171
1592,0,1295
1593,0,256
1594,0,-162
1595,0,113
1596,0,278
1597,0,438
1598,0,599
1599,0,274
1600,0,492
1601,0,453
1602,0,445
1603,0,1727
1604,0,948
1605,0,507
1606,0,345
1607,0,-379
1608,0,-302
1609,0,276
1610,0,2351
1611,0,4139
1612,0,4780
1613,0,5335
1614,0,5454
1615,0,3986
1616,0,1921
1617,0,992
1618,0,224
1619,0,937
1620,0,411
1621,0,1205
1622,0,762
1623,0,1455
1624,0,2225
1625,0,1224
1626,0,272
1627,0,914
1628,0,3140
1629,0,2229
1630,0,1480
1631,0,2301
1632,0,1956
1633,0,2321
1634,0,3652
1635,0,5693
1636,0,6334
1637,0,6489
1638,0,6610
1639,0,6006
1640,0,5573
1641,0,5943
1642,0,3207
1643,0,2007
1644,0,1900
1645,0,2623
1646,0,2686
1647,0,1720
1648,0,3312
1649,0,5970
1650,0,6442
1651,0,5508
1652,0,4859
1653,0,3532
1654,0,2675
1655,0,2277
1656,0,4815
1657,0,4513
1658,0,5663
1659,0,6785
1660,0,7740
1661,0,7821
1662,0,8847
1663,0,8675
1664,0,8097
1665,0,7829
1666,0,6841
1667,0,5428
1668,0,4973
1669,0,5908
1670,0,5882
1671,0,5659
1672,0,6667
1673,0,6630
1674,0,6723
1675,0,4942
1676,0,3692
1677,0,3657
1678,0,3495
1679,0,2589
1680,0,3728
1681,0,4803
1682,0,6698
1683,0,7970
1684,0,7496
1685,0,6865
1686,0,6822
1687,0,4208
1688,0,410
1689,0,885
1690,0,184
1691,0,356
1692,0,1072
1693,0,2630
1694,0,2889
1695,0,4127
1696,0,5603
1697,0,5570
1698,0,3953
1699,0,2895
1700,0,2584
1701,0,1537
1702,0,1183
1703,0,1596
1704,0,2005
1705,0,1608
1706,0,3655
1707,0,4774
1708,0,5297
1709,0,5086
1710,0,4015
1711,0,1204
1712,0,997
1713,0,256
1714,0,222
1715,0,-1028
1716,0,445
1717,0,694
1718,0,1086
1719,0,1631
1720,0,917
1721,0,805
1722,0,766
1723,0,793
1724,0,2108
1725,0,1623
1726,0,798
1727,0,855
1728,0,1507
1729,0,1254
1730,0,2447
1731,0,2829
1732,0,3101
1733,0,3848
1734,0,4263
1735,0,2599
1736,0,876
1737,0,745
1738,0,778
1739,0,1162
1740,0,991
1741,0,633
1742,0,1116
1743,0,1369
1744,0,2098
1745,0,2363
1746,0,2797
1747,0,4828
1748,0,3471
1749,0,2034
1750,0,33
1751,0,1076
1752,0,5457
1753,0,6338
1754,0,8355
1755,0,9220
1756,0,8770
1757,0,8737
1758,0,9338
1759,0,7545
1760,0,3504
1761,0,1751
1762,0,1125
1763,0,1257
1764,0,649
1765,0,725
1766,0,581
1767,0,734
1768,0,1804
1769,0,1777
1770,0,1472
1771,0,1604
1772,0,2006
1773,0,3301
1774,0,363
1775,0,-148
1776,0,519
1777,0,1313
1778,0,2602
1779,0,3769
1780,0,5029
1781,0,4942
1782,0,4026
1783,0,1678
1784,0,199
1785,0,577
1786,0,5
1787,0,1015
1788,0,891
1789,0,1545
1790,0,1174
1791,0,1514
1792,0,2103
1793,0,2719
1794,0,2716
1795,0,2692
1796,0,2510
1797,0,820
1798,0,306
1799,0,848
1800,0,1211
1801,0,2172
1802,0,3826
1803,0,5522
1804,0,6219
1805,0,6053
1806,0,5373
1807,0,2927
1808,0,3326
1809,0,1831
1810,0,808
1811,0,1745
1812,0,632
1813,0,1832
1814,0,1163
1815,0,1218
1816,0,1192
1817,0,1778
1818,0,1545
1819,0,1130
1820,0,1524
1821,0,1983
1822,0,1871
1823,0,332
1824,0,-203
1825,0,509
1826,0,1949
1827,0,3548
1828,0,5756
1829,0,6425
1830,0,7500
1831,0,6459
1832,0,6416
1833,0,6222
1834,0,3487
1835,0,970
1836,0,604
1837,0,1181
1838,0,2027
1839,0,1999
1840,0,3901
1841,0,6485
1842,0,7098
1843,0,5266
1844,0,3202
1845,0,490
1846,0,1547
1847,0,-238
1848,0,760
1849,0,1331
1850,0,3308
1851,0,4421
1852,0,5566
1853,0,6033
1854,0,6878
1855,0,4694
1856,0,619
1857,0,464
1858,0,434
1859,0,458
1860,0,627
1861,0,794
1862,0,715
1863,0,869
1864,0,2017
1865,0,2217
1866,0,1854
1867,0,1039
1868,0,1123
1869,0,1191
1870,0,172
1871,0,1003
1872,0,1695
1873,0,2597
1874,0,4054
1875,0,4911
1876,0,5091
1877,0,5141
1878,0,6343
1879,0,3447
1880,0,1537
1881,0,-1
1882,0,-41
1883,0,-381
1884,0,539
1885,0,794
1886,0,944
1887,0,1204
1888,0,1120
1889,0,876
1890,0,756
1891,0,2476
1892,0,48
1893,0,1277
1894,0,449
1895,0,-123
1896,0,794
1897,0,236
1898,0,2094
1899,0,2761
1900,0,3259
1901,0,3718
1902,0,4263
1903,0,2780
1904,0,1230
1905,0,334
1906,0,-506
1907,0,-110
1908,0,399
1909,0,707
1910,0,561
1911,0,374
1912,0,577
1913,0,931
1914,0,1742
1915,0,3398
1916,0,1462
1917,0,1145
1918,0,355
1919,0,363
1920,0,-339
1921,0,21
1922,0,479
1923,0,1060
1924,0,816
1925,0,981
1926,0,1809
1927,0,1534
1928,0,126
1929,0,-99
1930,0,-362
1931,0,-3
1932,0,381
1933,0,793
1934,0,247
1935,0,-292
1936,0,150
1937,0,169
1938,0,1513
1939,0,2138
1940,0,719
1941,0,989
1942,0,842
1943,0,-349
1944,0,724
1945,0,82
1946,0,1812
1947,0,2046
1948,0,1993
1949,0,1859
1950,0,1836
1951,0,1881
1952,0,560
1953,0,-229
1954,0,-35
1955,0,42
1956,0,1044
1957,0,401
1958,0,-194
1959,0,474
1960,0,542
1961,0,396
1962,0,1179
1963,0,1175
1964,0,1489
1965,0,1740
1966,0,1666
1967,0,1660
1968,0,2489
1969,0,4653
1970,0,4468
1971,0,5073
1972,0,6377
1973,0,6860
1974,0,7148
1975,0,6802
1976,0,7866
1977,0,7370
1978,0,5980
1979,0,5337
1980,0,4347
1981,0,5010
1982,0,3888
1983,0,3500
1984,0,4750
1985,0,4962
1986,0,4943
1987,0,3972
1988,0,1267
1989,0,1674
1990,0,880
1991,0,271
1992,0,-499
1993,0,-1140
1994,0,0
1995,0,171
1996,0,1029
1997,0,2272
1998,0,1565
1999,0,1534
2000,0,440
2001,0,984
2002,0,1305
2003,0,1604
2004,0,450
2005,0,423
2006,0,287
2007,0,799
2008,0,1027
2009,0,1617
2010,0,2656
2011,0,2115
2012,0,2137
2013,0,2549
2014,0,889
2015,0,1204
2016,0,-428
2017,0,-171
2018,0,999
2019,0,2815
2020,0,3959
2021,0,2805
2022,0,2148
2023,0,969
2024,0,-91
2025,0,92
2026,0,-115
2027,0,13
2028,0,289
2029,0,431
2030,0,245
2031,0,-331
2032,0,-137
2033,0,313
2034,0,435
2035,0,1765
2036,0,1059
2037,0,1822
2038,0,2293
2039,0,1389
2040,0,335
2041,0,-135
2042,0,1638
2043,0,2159
2044,0,2863
2045,0,3010
2046,0,2185
2047,0,1381
2048,0,211
2049,0,245
2050,0,101
2051,0,-290
2052,0,1602
2053,0,141
2054,0,-298
2055,0,-338
2056,0,59
2057,0,538
2058,0,1406
2059,0,2222
2060,0,3234
2061,0,2113
2062,0,222
2063,0,-371
2064,0,291
2065,0,1203
2066,0,4050
2067,0,5903
2068,0,6634
2069,0,6756
2070,0,4572
2071,0,1982
2072,0,906
2073,0,990
2074,0,383
2075,0,893
2076,0,875
2077,0,1647
2078,0,1908
2079,0,2630
2080,0,2443
2081,0,2332
2082,0,2090
2083,0,3028
2084,0,4098
2085,0,2834
2086,0,-281
2087,0,-288
2088,0,296
2089,0,463
2090,0,1401
2091,0,3159
2092,0,3768
2093,0,3702
2094,0,3615
2095,0,4015
2096,0,2451
2097,0,2310
2098,0,547
2099,0,399
2100,0,1345
2101,0,552
2102,0,1917
2103,0,1675
2104,0,3851
2105,0,5560
2106,0,6311
2107,0,6261
2108,0,6384
2109,0,3834
2110,0,2117
2111,0,3002
2112,0,3668
2113,0,3698
2114,0,5035
2115,0,5645
2116,0,5929
2117,0,6308
2118,0,6543
2119,0,5932
2120,0,6029
2121,0,5997
2122,0,5116
2123,0,4526
2124,0,3842
2125,0,3277
2126,0,4359
2127,0,4551
2128,0,6984
2129,0,7181
2130,0,7175
2131,0,7759
2132,0,6421
2133,0,4056
2134,0,3149
2135,0,3388
2136,0,3062
2137,0,3625
2138,0,5889
2139,0,7064
2140,0,7069
2141,0,7313
2142,0,6745
2143,0,6580
2144,0,5194
2145,0,4571
2146,0,2986
2147,0,1999
2148,0,3037
2149,0,3944
2150,0,3271
2151,0,3457
2152,0,4748
2153,0,6087
2154,0,6190
2155,0,5415
2156,0,4513
2157,0,3750
2158,0,1363
2159,0,450
2160,0,61
2161,0,2330
2162,0,360
2163,0,2172
2164,0,3577
2165,0,3294
2166,0,4255
2167,0,4047
2168,0,3154
2169,0,2981
2170,0,1596
2171,0,1342
2172,0,2598
2173,0,4324
2174,0,6536
2175,0,6244
2176,0,6744
2177,0,6251
2178,0,6502
2179,0,5196
2180,0,3457
2181,0,2051
2182,0,1227
2183,0,858
2184,0,210
2185,0,1957
2186,0,4908
2187,0,6015
2188,0,6660
2189,0,5912
2190,0,6228
2191,0,5327
2192,0,4630
2193,0,3127
2194,0,3205
2195,0,2349
2196,0,1050
2197,0,2822
2198,0,3264
2199,0,3653
2200,0,4578
2201,0,4655
2202,0,3871
2203,0,4256
2204,0,4339
2205,0,4832
2206,0,1744
2207,0,1908
2208,0,2396
2209,0,3083
2210,0,5098
2211,0,6081
2212,0,6366
2213,0,6453
2214,0,4801
2215,0,3578
2216,0,1468
2217,0,848
2218,0,373
2219,0,767
2220,0,1323
2221,0,986
2222,0,1233
2223,0,1713
2224,0,3790
2225,0,3239
2226,0,3637
2227,0,4038
2228,0,4142
2229,0,2434
2230,0,923
2231,0,244
2232,0,1323
2233,0,3272
2234,0,5056
2235,0,6696
2236,0,6625
2237,0,7376
2238,0,7997
2239,0,6393
2240,0,2969
2241,0,588
2242,0,333
2243,0,306
2244,0,1313
2245,0,1524
2246,0,2737
2247,0,4152
2248,0,4801
2249,0,4572
2250,0,3446
2251,0,3891
2252,0,3538
2253,0,3852
2254,0,341
2255,0,37
2256,0,1601
2257,0,701
2258,0,1795
2259,0,1478
2260,0,1071
2261,0,980
2262,0,235
2263,0,1471
2264,0,502
2265,0,-38
2266,0,-129
2267,0,407
2268,0,2647
2269,0,506
2270,0,837
2271,0,1215
2272,0,872
2273,0,1248
2274,0,1073
2275,0,475
2276,0,2361
2277,0,2521
2278,0,446
2279,0,1010
2280,0,1639
2281,0,4029
2282,0,6140
2283,0,7965
2284,0,7742
2285,0,6791
2286,0,5157
2287,0,2909
2288,0,2472
2289,0,2682
2290,0,2225
2291,0,511
2292,0,708
2293,0,374
2294,0,714
2295,0,2542
2296,0,4186
2297,0,3147
2298,0,885
2299,0,1628
2300,0,2695
2301,0,2597
2302,0,1163
2303,0,1239
2304,0,3422
2305,0,2666
2306,0,3416
2307,0,4206
2308,0,4338
2309,0,4648
2310,0,4716
2311,0,4032
2312,0,3909
2313,0,2921
2314,0,1079
2315,0,1127
2316,0,992
2317,0,828
2318,0,651
2319,0,235
2320,0,260
2321,0,557
2322,0,376
2323,0,1204
2324,0,961
2325,0,936
2326,0,493
2327,0,311
2328,0,835
2329,0,429
2330,0,3183
2331,0,5871
2332,0,6159
2333,0,6637
2334,0,7090
2335,0,6743
2336,0,6703
2337,0,6857
2338,0,4827
2339,0,3977
2340,0,4506
2341,0,4867
2342,0,5331
2343,0,5289
2344,0,6152
2345,0,7421
2346,0,7507
2347,0,5502
2348,0,3653
2349,0,1332
2350,0,295
2351,0,-35
2352,0,-610
2353,0,-208
2354,0,1270
2355,0,1974
2356,0,2518
2357,0,2092
2358,0,2920
2359,0,459
2360,0,-399
2361,0,1040
2362,0,222
2363,0,334
2364,0,501
2365,0,193
2366,0,85
2367,0,255
2368,0,440
2369,0,286
2370,0,446
2371,0,1457
2372,0,1470
2373,0,717
2374,0,647
2375,0,-577
2376,0,23
2377,0,2656
2378,0,5209
2379,0,6781
2380,0,7329
2381,0,6895
2382,0,4847
2383,0,2442
2384,0,-612
2385,0,-33
2386,0,51
2387,0,73
2388,0,1226
2389,0,-3
2390,0,-408
2391,0,1219
2392,0,310
2393,0,-127
2394,0,298
2395,0,-322
2396,0,221
2397,0,615
2398,0,-114
2399,0,-8
2400,0,474
2401,0,1197
2402,0,3199
2403,0,5186
2404,0,5717
2405,0,6657
2406,0,6552
2407,0,3702
2408,0,1188
2409,0,-181
2410,0,366
2411,0,750
2412,0,1150
2413,0,1095
2414,0,373
2415,0,1408
2416,0,928
2417,0,1315
2418,0,1886
2419,0,2286
2420,0,1918
2421,0,2198
2422,0,62
2423,0,292
2424,0,1656
2425,0,3406
2426,0,4861
2427,0,5749
2428,0,6558
2429,0,6730
2430,0,5669
2431,0,2388
2432,0,-227
2433,0,-607
2434,0,139
2435,0,332
2436,0,610
2437,0,1165
2438,0,1411
2439,0,236
2440,0,1026
2441,0,525
2442,0,110
2443,0,87
2444,0,1244
2445,0,431
2446,0,106
2447,0,285
2448,0,526
2449,0,173
2450,0,1379
2451,0,1962
2452,0,2845
2453,0,2813
2454,0,2651
2455,0,1264
2456,0,-854
2457,0,-69
2458,0,1324
2459,0,-131
2460,0,576
2461,0,155
2462,0,311
2463,0,-171
2464,0,269
2465,0,-164
2466,0,-24
2467,0,296
2468,0,-216
2469,0,851
2470,0,1497
2471,0,382
2472,0,554
2473,0,-419
2474,0,334
2475,0,1214
2476,0,1643
2477,0,1823
2478,0,1981
2479,0,2451
2480,0,2693
2481,0,798
2482,0,29
2483,0,266
2484,0,37
2485,0,167
2486,0,1491
2487,0,1106
2488,0,1930
2489,0,3573
2490,0,4597
2491,0,5529
2492,0,5164
2493,0,2857
2494,0,499
2495,0,490
2496,0,2057
2497,0,2885
2498,0,4385
2499,0,6095
2500,0,6699
2501,0,7361
2502,0,7465
2503,0,6923
2504,0,6886
2505,0,6555
2506,0,3108
2507,0,1399
2508,0,864
2509,0,862
2510,0,1188
2511,0,2325
2512,0,4750
2513,0,5793
2514,0,6525
2515,0,5990
2516,0,2990
2517,0,-200
2518,0,469
2519,0,1255
2520,0,-504
2521,0,-13
2522,0,1883
2523,0,4194
2524,0,5587
2525,0,3665
2526,0,4309
2527,0,1627
2528,0,158
2529,0,180
2530,0,393
2531,0,1194
2532,0,1621
2533,0,1729
2534,0,1099
2535,0,1003
2536,0,1236
2537,0,1470
2538,0,1471
2539,0,1257
2540,0,2061
2541,0,1657
2542,0,390
2543,0,395
2544,0,744
2545,0,531
2546,0,961
2547,0,1657
2548,0,2067
2549,0,2445
2550,0,2394
2551,0,766
2552,0,534
2553,0,2048
2554,0,977
2555,0,812
2556,0,857
2557,0,643
2558,0,786
2559,0,173
2560,0,578
2561,0,557
2562,0,561
2563,0,-785
2564,0,1782
2565,0,1573
2566,0,-436
2567,0,1400
2568,0,1375
2569,0,-131
2570,0,1195
2571,0,1830
2572,0,1759
2573,0,1640
2574,0,2147
2575,0,1203
2576,0,293
2577,0,1054
2578,0,-286
2579,0,448
2580,0,234
2581,0,708
2582,0,1223
2583,0,829
2584,0,2242
2585,0,1452
2586,0,1018
2587,0,400
2588,0,1234
2589,0,335
2590,0,278
2591,0,663
2592,0,736
2593,0,1547
2594,0,2779
2595,0,2948
2596,0,3154
2597,0,3949
2598,0,3623
2599,0,2603
2600,0,1621
2601,0,236
2602,0,144
2603,0,-305
2604,0,676
2605,0,870
2606,0,793
2607,0,728
2608,0,1592
2609,0,1029
2610,0,-288
2611,0,2511
2612,0,5422
2613,0,3941
2614,0,1815
2615,0,1821
2616,0,1925
2617,0,3483
2618,0,4574
2619,0,5365
2620,0,4958
2621,0,5519
2622,0,3463
2623,0,1067
2624,0,697
2625,0,751
2626,0,326
2627,0,1200
2628,0,358
2629,0,28
2630,0,1007
2631,0,2596
2632,0,3831
2633,0,3979
2634,0,2934
2635,0,1509
2636,0,2728
2637,0,2737
2638,0,623
2639,0,1440
2640,0,171
2641,0,810
2642,0,2404
2643,0,3880
2644,0,3806
2645,0,3582
2646,0,3569
2647,0,3676
2648,0,5410
2649,0,4590
2650,0,1976
2651,0,1294
2652,0,618
2653,0,1081
2654,0,408
2655,0,1207
2656,0,2973
2657,0,3104
2658,0,2880
2659,0,1699
2660,0,987
2661,0,749
2662,0,887
2663,0,518
2664,0,867
2665,0,852
2666,0,1908
2667,0,1737
2668,0,2324
2669,0,3095
2670,0,3732
2671,0,2712
2672,0,2536
2673,0,2165
2674,0,676
2675,0,168
2676,0,-70
2677,0,395
2678,0,346
2679,0,600
2680,0,1080
2681,0,2388
2682,0,3010
2683,0,2891
2684,0,2505
2685,0,1310
2686,0,691
2687,0,374
2688,0,303
2689,0,80
2690,0,834
2691,0,1233
2692,0,1479
2693,0,1579
2694,0,2358
2695,0,1054
2696,0,725
2697,0,332
2698,0,405
2699,0,451
2700,0,559
2701,0,843
2702,0,495
2703,0,435
2704,0,357
2705,0,780
2706,0,-969
2707,0,-700
2708,0,-670
2709,0,-631
2710,0,-1425
2711,0,-1580
2712,0,-1213
2713,0,-1179
2714,0,-777
2715,0,-13
2716,0,-102
2717,0,-316
2718,0,126
2719,0,-173
2720,0,-483
2721,0,-1279
2722,0,-1341
2723,0,-1286
2724,0,-1118
2725,0,-159
2726,0,-354
2727,0,-457
2728,0,-404
2729,0,-300
2730,0,-243
2731,0,-220
2732,0,-235
2733,0,181
2734,0,-833
2735,0,-1046
2736,0,-1015
2737,0,-1196
2738,0,292
2739,0,-520
2740,0,-486
2741,0,-649
2742,0,486
2743,0,591
2744,0,-12
2745,0,-366
2746,0,-837
2747,0,-898
2748,0,-532
2749,0,-172
2750,0,-394
2751,0,-758
2752,0,-230
2753,0,-244
2754,0,-211
2755,0,528
2756,0,-255
2757,0,-239
2758,0,-506
2759,0,-448
2760,0,482
2761,0,1568
2762,0,3172
2763,0,4489
2764,0,4654
2765,0,5009
2766,0,4164
2767,0,3062
2768,0,509
2769,0,178
2770,0,-555
2771,0,-807
2772,0,-566
2773,0,-36
2774,0,267
2775,0,-399
2776,0,-89
2777,0,-107
2778,0,-704
2779,0,-188
2780,0,346
2781,0,1204
2782,0,-284
2783,0,-278
2784,0,538
2785,0,-972
2786,0,-536
2787,0,788
2788,0,1001
2789,0,1578
2790,0,1856
2791,0,897
2792,0,-234
2793,0,-222
2794,0,-218
2795,0,-779
2796,0,-490
2797,0,-196
2798,0,-301
2799,0,-495
2800,0,36
2801,0,402
2802,0,-108
2803,0,579
2804,0,766
2805,0,199
2806,0,-547
2807,0,-73
2808,0,146
2809,0,-368
2810,0,-519
2811,0,229
2812,0,790
2813,0,359
2814,0,274
2815,0,217
2816,0,1115
2817,0,31
2818,0,-423
2819,0,-810
2820,0,-590
2821,0,-247
2822,0,-439
2823,0,-172
2824,0,1044
2825,0,3005
2826,0,4575
2827,0,5360
2828,0,3671
2829,0,3146
2830,0,283
2831,0,-852
2832,0,-813
2833,0,-494
2834,0,508
2835,0,1912
2836,0,2708
2837,0,3454
2838,0,4532
2839,0,4542
2840,0,5017
2841,0,5905
2842,0,5432
2843,0,4586
2844,0,4812
2845,0,5522
2846,0,6726
2847,0,5828
2848,0,6872
2849,0,6979
2850,0,8202
2851,0,8422
2852,0,7764
2853,0,5487
2854,0,999
2855,0,-467
2856,0,184
2857,0,3006
2858,0,3931
2859,0,4550
2860,0,4170
2861,0,4057
2862,0,3193
2863,0,1693
2864,0,686
2865,0,287
2866,0,-59
2867,0,-109
2868,0,343
2869,0,171
2870,0,-342
2871,0,-190
2872,0,-60
2873,0,165
2874,0,354
2875,0,369
2876,0,685
2877,0,1289
2878,0,-256
2879,0,-992
2880,0,-307
2881,0,-174
2882,0,1242
2883,0,2428
2884,0,3377
2885,0,3624
2886,0,3227
2887,0,2693
2888,0,3358
2889,0,2703
2890,0,1368
2891,0,648
2892,0,-388
2893,0,-412
2894,0,-537
2895,0,-491
2896,0,2047
2897,0,3484
2898,0,4099
2899,0,3588
2900,0,3570
2901,0,2272
2902,0,-282
2903,0,-1080
2904,0,-91
2905,0,-285
2906,0,1991
2907,0,3643
2908,0,4369
2909,0,4463
2910,0,3632
2911,0,1409
2912,0,452
2913,0,-47
2914,0,-328
2915,0,67
2916,0,-131
2917,0,-30
2918,0,-116
2919,0,-123
2920,0,-207
2921,0,-316
2922,0,1683
2923,0,-168
2924,0,1165
2925,0,203
2926,0,303
2927,0,-582
2928,0,-69
2929,0,-359
2930,0,795
2931,0,1971
2932,0,3788
2933,0,3926
2934,0,2953
2935,0,422
2936,0,-1553
2937,0,-585
2938,0,345
2939,0,563
2940,0,481
2941,0,378
2942,0,-44
2943,0,383
2944,0,647
2945,0,-203
2946,0,-535
2947,0,1049
2948,0,1848
2949,0,986
2950,0,-25
2951,0,-186
2952,0,9
2953,0,1076
2954,0,3399
2955,0,4311
2956,0,4663
2957,0,4402
2958,0,4302
2959,0,2417
2960,0,-235
2961,0,390
2962,0,-854
2963,0,802
2964,0,973
2965,0,774
2966,0,511
2967,0,848
2968,0,1065
2969,0,476
2970,0,-213
2971,0,369
2972,0,788
2973,0,1385
2974,0,-428
2975,0,-669
2976,0,653
2977,0,-333
2978,0,320
2979,0,1684
2980,0,2144
2981,0,2606
2982,0,2523
2983,0,1546
2984,0,1910
2985,0,-291
2986,0,22
2987,0,471
2988,0,-838
2989,0,-185
2990,0,-593
2991,0,-469
2992,0,-361
2993,0,153
2994,0,5
2995,0,-502
2996,0,963
2997,0,1405
2998,0,-208
2999,0,-714
3000,0,154
3001,0,107
3002,0,852
3003,0,1486
3004,0,2046
3005,0,2220
3006,0,2356
3007,0,2179
3008,0,2413
3009,0,1776
3010,0,354
3011,0,241
3012,0,-62
3013,0,415
3014,0,95
3015,0,456
3016,0,462
3017,0,1268
3018,0,2112
3019,0,1597
3020,0,1586
3021,0,1068
3022,0,418
3023,0,-257
3024,0,-771
3025,0,93
3026,0,251
3027,0,505
3028,0,708
3029,0,1224
3030,0,1277
3031,0,1206
3032,0,542
3033,0,-211
3034,0,-38
3035,0,373
3036,0,386
3037,0,125
3038,0,-99
3039,0,-397
3040,0,-340
3041,0,2096
3042,0,543
3043,0,137
3044,0,803
3045,0,1126
3046,0,-741
3047,0,61
3048,0,536
3049,0,-278
3050,0,504
3051,0,833
3052,0,1012
3053,0,571
3054,0,773
3055,0,868
3056,0,839
3057,0,-322
3058,0,-125
3059,0,-155
3060,0,186
3061,0,328
3062,0,252
3063,0,577
3064,0,893
3065,0,896
3066,0,1125
3067,0,1304
3068,0,1638
3069,0,1212
3070,0,-50
3071,0,152
3072,0,592
3073,0,430
3074,0,642
3075,0,1076
3076,0,1143
3077,0,1647
3078,0,2559
3079,0,3227
3080,0,767
3081,0,309
3082,0,10
3083,0,408
3084,0,710
3085,0,733
3086,0,455
3087,0,731
3088,0,884
3089,0,1014
3090,0,729
3091,0,1201
3092,0,1931
3093,0,970
3094,0,127
3095,0,-269
3096,0,313
3097,0,-433
3098,0,1174
3099,0,3286
3100,0,2869
3101,0,2803
3102,0,3824
3103,0,2987
3104,0,1472
3105,0,38
3106,0,69
3107,0,298
3108,0,200
3109,0,483
3110,0,297
3111,0,408
3112,0,455
3113,0,626
3114,0,724
3115,0,934
3116,0,771
3117,0,1286
3118,0,244
3119,0,395
3120,0,1392
3121,0,161
3122,0,152
3123,0,379
3124,0,688
3125,0,797
3126,0,1101
3127,0,1730
3128,0,923
3129,0,10
3130,0,-408
3131,0,710
3132,0,471
3133,0,829
3134,0,337
3135,0,648
3136,0,393
3137,0,237
3138,0,420
3139,0,890
3140,0,1363
3141,0,691
3142,0,-6
3143,0,149
3144,0,481
3145,0,30
3146,0,-9
3147,0,644
3148,0,763
3149,0,1313
3150,0,1806
3151,0,1809
3152,0,2636
3153,0,2065
3154,0,887
3155,0,457
3156,0,556
3157,0,832
3158,0,2278
3159,0,3799
3160,0,5019
3161,0,6312
3162,0,7083
3163,0,8277
3164,0,8131
3165,0,6880
3166,0,1774
3167,0,759
3168,0,2507
3169,0,4404
3170,0,4791
3171,0,4822
3172,0,5103
3173,0,4913
3174,0,5012
3175,0,4802
3176,0,4827
3177,0,3740
3178,0,3656
3179,0,3935
3180,0,3845
3181,0,4130
3182,0,4231
3183,0,5539
3184,0,7296
3185,0,7661
3186,0,8206
3187,0,7352
3188,0,7221
3189,0,4552
3190,0,917
3191,0,784
3192,0,1075
3193,0,534
3194,0,1244
3195,0,2025
3196,0,2360
3197,0,2687
3198,0,3287
3199,0,1286
3200,0,-358
3201,0,18
3202,0,-671
3203,0,-308
3204,0,381
3205,0,98
3206,0,-53
3207,0,-150
3208,0,1330
3209,0,686
3210,0,339
3211,0,1163
3212,0,904
3213,0,685
3214,0,511
3215,0,722
3216,0,556
3217,0,376
3218,0,583
3219,0,1354
3220,0,2041
3221,0,2208
3222,0,2520
3223,0,156
3224,0,-703
3225,0,338
3226,0,1083
3227,0,313
3228,0,-126
3229,0,-118
3230,0,-331
3231,0,-534
3232,0,-7
3233,0,297
3234,0,382
3235,0,1029
3236,0,2264
3237,0,1449
3238,0,98
3239,0,-49
3240,0,412
3241,0,148
3242,0,952
3243,0,2243
3244,0,2836
3245,0,3313
3246,0,3677
3247,0,2770
3248,0,805
3249,0,367
3250,0,2
3251,0,44
3252,0,1223
3253,0,712
3254,0,332
3255,0,501
3256,0,808
3257,0,680
3258,0,404
3259,0,1103
3260,0,1402
3261,0,966
3262,0,-213
3263,0,116
3264,0,709
3265,0,511
3266,0,953
3267,0,1842
3268,0,2466
3269,0,2638
3270,0,1991
3271,0,1714
3272,0,869
3273,0,-417
3274,0,-332
3275,0,-93
3276,0,47
3277,0,43
3278,0,-171
3279,0,-81
3280,0,129
3281,0,413
3282,0,732
3283,0,2127
3284,0,2303
3285,0,1546
3286,0,503
3287,0,233
3288,0,466
3289,0,385
3290,0,1085
3291,0,1391
3292,0,1374
3293,0,1107
3294,0,1963
3295,0,1578
3296,0,297
3297,0,-72
3298,0,-588
3299,0,-141
3300,0,-38
3301,0,170
3302,0,15
3303,0,-287
3304,0,43
3305,0,295
3306,0,309
3307,0,584
3308,0,619
3309,0,1208
3310,0,-668
3311,0,704
3312,0,767
3313,0,-305
3314,0,400
3315,0,1435
3316,0,1645
3317,0,2016
3318,0,2537
3319,0,2292
3320,0,2774
3321,0,527
3322,0,-216
3323,0,-204
3324,0,-253
3325,0,36
3326,0,24
3327,0,-456
3328,0,188
3329,0,-195
3330,0,1678
3331,0,930
3332,0,1112
3333,0,557
3334,0,469
3335,0,-431
3336,0,540
3337,0,-32
3338,0,1088
3339,0,2226
3340,0,2331
3341,0,2536
3342,0,2446
3343,0,2485
3344,0,2235
3345,0,1739
3346,0,929
3347,0,411
3348,0,-347
3349,0,5
3350,0,160
3351,0,254
3352,0,619
3353,0,1086
3354,0,2220
3355,0,893
3356,0,1268
3357,0,-5
3358,0,508
3359,0,297
3360,0,730
3361,0,454
3362,0,1779
3363,0,2128
3364,0,2214
3365,0,1985
3366,0,2578
3367,0,1898
3368,0,900
3369,0,511
3370,0,-28
3371,0,-163
3372,0,343
3373,0,236
3374,0,206
3375,0,9
3376,0,647
3377,0,183
3378,0,1213
3379,0,1252
3380,0,984
3381,0,1811
3382,0,-529
3383,0,202
3384,0,1804
3385,0,304
3386,0,947
3387,0,1235
3388,0,1921
3389,0,1722
3390,0,1617
3391,0,1823
3392,0,319
3393,0,724
3394,0,-110
3395,0,574
3396,0,548
3397,0,864
3398,0,609
3399,0,221
3400,0,646
3401,0,100
3402,0,785
3403,0,1483
3404,0,1212
3405,0,1447
3406,0,139
3407,0,-747
3408,0,840
3409,0,-150
3410,0,655
3411,0,745
3412,0,921
3413,0,912
3414,0,1224
3415,0,1322
3416,0,688
3417,0,867
3418,0,136
3419,0,348
3420,0,788
3421,0,873
3422,0,374
3423,0,349
3424,0,431
3425,0,188
3426,0,871
3427,0,769
3428,0,1205
3429,0,1181
3430,0,230
3431,0,-13
3432,0,1349
3433,0,137
3434,0,325
3435,0,1258
3436,0,729
3437,0,1009
3438,0,1275
3439,0,1724
3440,0,555
3441,0,504
3442,0,164
3443,0,535
3444,0,564
3445,0,1022
3446,0,245
3447,0,-73
3448,0,194
3449,0,593
3450,0,782
3451,0,1391
3452,0,1321
3453,0,1748
3454,0,760
3455,0,737
3456,0,2337
3457,0,1948
3458,0,2278
3459,0,2164
3460,0,1279
3461,0,2126
3462,0,2368
3463,0,1465
3464,0,1172
3465,0,821
3466,0,744
3467,0,-181
3468,0,387
3469,0,835
3470,0,-237
3471,0,711
3472,0,663
3473,0,613
3474,0,870
3475,0,815
3476,0,1385
3477,0,1220
3478,0,15
3479,0,787
3480,0,1392
3481,0,783
3482,0,747
3483,0,1132
3484,0,1064
3485,0,1084
3486,0,1201
3487,0,1200
3488,0,2075
3489,0,1379
3490,0,693
3491,0,122
3492,0,696
3493,0,1108
3494,0,769
3495,0,375
3496,0,795
3497,0,1358
3498,0,1535
3499,0,1245
3500,0,1696
3501,0,2088
3502,0,747
3503,0,-116
3504,0,818
3505,0,462
3506,0,866
3507,0,710
3508,0,931
3509,0,1099
3510,0,1143
3511,0,1037
3512,0,508
3513,0,819
3514,0,387
3515,0,87
3516,0,-45
3517,0,488
3518,0,668
3519,0,396
3520,0,2985
3521,0,3904
3522,0,4644
3523,0,3716
3524,0,3029
3525,0,2528
3526,0,656
3527,0,137
3528,0,111
3529,0,567
3530,0,1103
3531,0,1490
3532,0,1665
3533,0,1256
3534,0,1468
3535,0,1061
3536,0,233
3537,0,-232
3538,0,-42
3539,0,623
3540,0,34
3541,0,248
3542,0,-132
3543,0,-116
3544,0,-910
3545,0,250
3546,0,274
3547,0,1086
3548,0,1303
3549,0,1849
3550,0,-181
3551,0,-903
3552,0,587
3553,0,-310
3554,0,144
3555,0,432
3556,0,636
3557,0,1241
3558,0,1667
3559,0,2113
3560,0,553
3561,0,-317
3562,0,-78
3563,0,-112
3564,0,216
3565,0,506
3566,0,-158
3567,0,428
3568,0,255
3569,0,912
3570,0,1675
3571,0,2074
3572,0,1613
3573,0,1305
3574,0,490
3575,0,-210
3576,0,1439
3577,0,315
3578,0,1034
3579,0,1555
3580,0,1512
3581,0,1546
3582,0,1611
3583,0,2056
3584,0,2109
3585,0,328
3586,0,-135
3587,0,190
3588,0,-754
3589,0,115
3590,0,-52
3591,0,1349
3592,0,120
3593,0,759
3594,0,563
3595,0,1629
3596,0,1825
3597,0,1170
3598,0,-437
3599,0,-395
3600,0,786
3601,0,534
3602,0,705
3603,0,1164
3604,0,1240
3605,0,1959
3606,0,1871
3607,0,1917
3608,0,620
3609,0,8
3610,0,211
3611,0,64
3612,0,359
3613,0,149
3614,0,74
3615,0,168
3616,0,291
3617,0,120
3618,0,114
3619,0,413
3620,0,1292
3621,0,1207
3622,0,-131
3623,0,-747
3624,0,766
3625,0,205
3626,0,684
3627,0,863
3628,0,889
3629,0,1363
3630,0,1286
3631,0,2094
3632,0,1170
3633,0,-28
3634,0,-97
3635,0,-310
3636,0,702
3637,0,355
3638,0,-230
3639,0,250
3640,0,279
3641,0,518
3642,0,817
3643,0,754
3644,0,1899
3645,0,2962
3646,0,1067
3647,0,9
3648,0,635
3649,0,229
3650,0,600
3651,0,1445
3652,0,1366
3653,0,1719
3654,0,1792
3655,0,1795
3656,0,2271
3657,0,1367
3658,0,246
3659,0,114
3660,0,549
3661,0,996
3662,0,653
3663,0,862
3664,0,982
3665,0,1841
3666,0,2270
3667,0,1640
3668,0,1712
3669,0,1135
3670,0,548
3671,0,-156
3672,0,-183
3673,0,-42
3674,0,1151
3675,0,1598
3676,0,1828
3677,0,2078
3678,0,1661
3679,0,1675
3680,0,2483
3681,0,2594
3682,0,936
3683,0,856
3684,0,-313
3685,0,-4
3686,0,-113
3687,0,261
3688,0,1832
3689,0,3032
3690,0,4386
3691,0,4683
3692,0,3540
3693,0,1689
3694,0,344
3695,0,-270
3696,0,377
3697,0,66
3698,0,623
3699,0,1722
3700,0,2478
3701,0,2658
3702,0,2898
3703,0,1637
3704,0,1172
3705,0,-15
3706,0,-864
3707,0,-57
3708,0,-152
3709,0,94
3710,0,-516
3711,0,12
3712,0,-39
3713,0,510
3714,0,-787
3715,0,703
3716,0,1243
3717,0,1896
3718,0,-338
3719,0,-1268
3720,0,307
3721,0,-147
3722,0,421
3723,0,844
3724,0,721
3725,0,1031
3726,0,1184
3727,0,1254
3728,0,1013
3729,0,162
3730,0,-435
3731,0,-1268
3732,0,936
3733,0,12980
3734,0,-558
3735,0,-287
3736,0,129
3737,0,-245
3738,0,-520
3739,0,614
3740,0,1431
3741,0,872
3742,0,512
3743,0,-704
3744,0,460
3745,0,-680
3746,0,411
3747,0,866
3748,0,1371
3749,0,1427
3750,0,1934
3751,0,2134
3752,0,452
3753,0,235
3754,0,576
3755,0,248
3756,0,-268
3757,0,166
3758,0,-307
3759,0,-754
3760,0,107
3761,0,252
3762,0,308
3763,0,636
3764,0,1133
3765,0,1074
3766,0,68
3767,0,-605
3768,0,-399
3769,0,110
3770,0,1179
3771,0,1363
3772,0,2203
3773,0,2269
3774,0,2652
3775,0,2350
3776,0,981
3777,0,407
3778,0,-13
3779,0,85
3780,0,493
3781,0,445
3782,0,37
3783,0,138
3784,0,-931
3785,0,577
3786,0,1203
3787,0,852
3788,0,796
3789,0,679
3790,0,517
3791,0,8
3792,0,202
3793,0,202
3794,0,925
3795,0,876
3796,0,912
3797,0,1363
3798,0,1428
3799,0,2068
3800,0,919
3801,0,393
3802,0,-67
3803,0,279
3804,0,279
3805,0,260
3806,0,-344
3807,0,-191
3808,0,630
3809,0,1236
3810,0,1061
3811,0,1070
3812,0,1321
3813,0,1268
3814,0,156
3815,0,-162
3816,0,492
3817,0,45
3818,0,285
3819,0,892
3820,0,1064
3821,0,1189
3822,0,1100
3823,0,943
3824,0,1320
3825,0,1250
3826,0,650
3827,0,243
3828,0,-12
3829,0,123
3830,0,273
3831,0,589
3832,0,641
3833,0,1084
3834,0,2104
3835,0,2390
3836,0,3271
3837,0,2855
3838,0,1323
3839,0,209
3840,0,1153
3841,0,527
3842,0,1496
3843,0,1524
3844,0,1876
3845,0,1623
3846,0,1227
3847,0,1823
3848,0,1948
3849,0,1756
3850,0,899
3851,0,949
3852,0,726
3853,0,946
3854,0,388
3855,0,893
3856,0,1100
3857,0,2022
3858,0,2612
3859,0,1551
3860,0,2179
3861,0,889
3862,0,350
3863,0,-654
3864,0,16
3865,0,-392
3866,0,-85
3867,0,122
3868,0,574
3869,0,1175
3870,0,804
3871,0,871
3872,0,-210
3873,0,65
3874,0,454
3875,0,-1224
3876,0,1180
3877,0,172
3878,0,-238
3879,0,-175
3880,0,-93
3881,0,258
3882,0,60
3883,0,281
3884,0,871
3885,0,920
3886,0,-1100
3887,0,-447
3888,0,267
3889,0,-543
3890,0,500
3891,0,425
3892,0,596
3893,0,713
3894,0,526
3895,0,1635
3896,0,982
3897,0,-432
3898,0,-534
3899,0,-628
3900,0,-36
3901,0,-87
3902,0,-247
3903,0,-32
3904,0,516
3905,0,440
3906,0,-632
3907,0,299
3908,0,1718
3909,0,1644
3910,0,580
3911,0,-430
3912,0,278
3913,0,-680
3914,0,446
3915,0,950
3916,0,1267
3917,0,1324
3918,0,1092
3919,0,2021
3920,0,86
3921,0,-201
3922,0,-700
3923,0,-776
3924,0,-203
3925,0,-479
3926,0,-151
3927,0,221
3928,0,225
3929,0,204
3930,0,187
3931,0,771
3932,0,917
3933,0,1955
3934,0,327
3935,0,-297
3936,0,694
3937,0,0
3938,0,835
3939,0,1206
3940,0,1452
3941,0,1518
3942,0,1954
3943,0,2364
3944,0,1580
3945,0,583
3946,0,-536
3947,0,-433
3948,0,235
3949,0,78
3950,0,-250
3951,0,597
3952,0,480
3953,0,701
3954,0,720
3955,0,552
3956,0,801
3957,0,1301
3958,0,161
3959,0,-945
3960,0,115
3961,0,-30
3962,0,391
3963,0,364
3964,0,408
3965,0,382
3966,0,432
3967,0,1472
3968,0,-433
3969,0,43
3970,0,125
3971,0,301
3972,0,271
3973,0,-38
3974,0,-185
3975,0,-227
3976,0,104
3977,0,618
3978,0,-386
3979,0,-91
3980,0,733
3981,0,1031
3982,0,-271
3983,0,-857
3984,0,-311
3985,0,-599
3986,0,-660
3987,0,-5
3988,0,637
3989,0,304
3990,0,239
3991,0,1154
3992,0,1118
3993,0,-217
3994,0,-132
3995,0,-190
3996,0,5
3997,0,196
3998,0,-113
3999,0,-346
4000,0,64
4001,0,259
4002,0,179
4003,0,429
4004,0,595
4005,0,1226
4006,0,236
4007,0,-611
4008,0,-561
4009,0,-595
4010,0,-37
4011,0,515
4012,0,917
4013,0,1830
4014,0,1502
4015,0,2162
4016,0,2040
4017,0,1203
4018,0,394
4019,0,89
4020,0,282
4021,0,40
4022,0,198
4023,0,12
4024,0,523
4025,0,2026
4026,0,3585
4027,0,3166
4028,0,2696
4029,0,1431
4030,0,788
4031,0,-656
4032,0,660
4033,0,-63
4034,0,-98
4035,0,528
4036,0,1273
4037,0,1525
4038,0,1594
4039,0,2075
4040,0,-604
4041,0,336
4042,0,-12
4043,0,-351
4044,0,-83
4045,0,67
4046,0,-225
4047,0,-581
4048,0,-178
4049,0,-149
4050,0,52
4051,0,262
4052,0,817
4053,0,459
4054,0,-329
4055,0,-425
4056,0,184
4057,0,-574
4058,0,-34
4059,0,856
4060,0,1370
4061,0,1667
4062,0,2003
4063,0,2548
4064,0,1280
4065,0,-650
4066,0,176
4067,0,-818
4068,0,271
4069,0,220
4070,0,-508
4071,0,-420
4072,0,-21
4073,0,12
4074,0,74
4075,0,-443
4076,0,168
4077,0,433
4078,0,624
4079,0,118
4080,0,-603
4081,0,-431
4082,0,457
4083,0,748
4084,0,763
4085,0,895
4086,0,1031
4087,0,1378
4088,0,767
4089,0,7
4090,0,-4
4091,0,169
4092,0,123
4093,0,182
4094,0,-196
4095,0,-198
4096,0,361
4097,0,97
4098,0,235
4099,0,42
4100,0,327
4101,0,441
4102,0,-304
4103,0,2
4104,0,1421
4105,0,-432
4106,0,786
4107,0,610
4108,0,411
4109,0,597
4110,0,617
4111,0,1331
4112,0,421
4113,0,-92
4114,0,-253
4115,0,168
4116,0,374
4117,0,480
4118,0,-377
4119,0,198
4120,0,445
4121,0,-162
4122,0,-337
4123,0,-31
4124,0,253
4125,0,353
4126,0,78
4127,0,-183
4128,0,683
4129,0,-266
4130,0,1017
4131,0,607
4132,0,477
4133,0,368
4134,0,293
4135,0,1092
4136,0,309
4137,0,-490
4138,0,-259
4139,0,-315
4140,0,-9
4141,0,-31
4142,0,-288
4143,0,-660
4144,0,-351
4145,0,-147
4146,0,39
4147,0,-19
4148,0,102
4149,0,337
4150,0,120
4151,0,-336
4152,0,-2
4153,0,-269
4154,0,219
4155,0,235
4156,0,79
4157,0,34
4158,0,123
4159,0,441
4160,0,972
4161,0,166
4162,0,534
4163,0,216
4164,0,41
4165,0,47
4166,0,-301
4167,0,-1539
4168,0,-120
4169,0,-123
4170,0,96
4171,0,226
4172,0,-170
4173,0,275
4174,0,45
4175,0,-87
4176,0,34
4177,0,-605
4178,0,521
4179,0,1844
4180,0,2034
4181,0,837
4182,0,60
4183,0,122
4184,0,284
4185,0,11
4186,0,-57
4187,0,-161
4188,0,-26
4189,0,89
4190,0,6
4191,0,-524
4192,0,-349
4193,0,-9
4194,0,206
4195,0,-40
4196,0,562
4197,0,520
4198,0,269
4199,0,-408
4200,0,-1134
4201,0,-503
4202,0,-53
4203,0,81
4204,0,-41
4205,0,218
4206,0,945
4207,0,304
4208,0,1485
4209,0,-45
4210,0,-260
4211,0,-138
4212,0,338
4213,0,557
4214,0,254
4215,0,124
4216,0,383
4217,0,31
4218,0,72
4219,0,159
4220,0,91
4221,0,73
4222,0,92
4223,0,-22
4224,0,731
4225,0,-16
4226,0,328
4227,0,426
4228,0,684
4229,0,554
4230,0,1157
4231,0,936
4232,0,282
4233,0,555
4234,0,-246
4235,0,223
4236,0,695
4237,0,761
4238,0,269
4239,0,224
4240,0,384
4241,0,550
4242,0,614
4243,0,568
4244,0,621
4245,0,1333
4246,0,1167
4247,0,500
4248,0,997
4249,0,12
4250,0,188
4251,0,471
4252,0,530
4253,0,547
4254,0,1313
4255,0,1218
4256,0,387
4257,0,-164
4258,0,-169
4259,0,421
4260,0,556
4261,0,630
4262,0,248
4263,0,290
4264,0,453
4265,0,445
4266,0,378
4267,0,458
4268,0,399
4269,0,343
4270,0,555
4271,0,108
4272,0,227
4273,0,-119
4274,0,134
4275,0,376
4276,0,468
4277,0,458
4278,0,830
4279,0,883
4280,0,150
4281,0,-64
4282,0,15
4283,0,311
4284,0,761
4285,0,872
4286,0,20
4287,0,193
4288,0,367
4289,0,667
4290,0,519
4291,0,852
4292,0,1000
4293,0,1342
4294,0,880
4295,0,454
4296,0,645
4297,0,214
4298,0,546
4299,0,600
4300,0,631
4301,0,642
4302,0,848
4303,0,1033
4304,0,435
4305,0,125
4306,0,254
4307,0,951
4308,0,735
4309,0,902
4310,0,804
4311,0,598
4312,0,572
4313,0,833
4314,0,567
4315,0,863
4316,0,1563
4317,0,1063
4318,0,373
4319,0,68
4320,0,1050
4321,0,17
4322,0,955
4323,0,1085
4324,0,1409
4325,0,2109
4326,0,2018
4327,0,1719
4328,0,2097
4329,0,1456
4330,0,1080
4331,0,949
4332,0,1020
4333,0,1158
4334,0,607
4335,0,865
4336,0,1404
4337,0,1154
4338,0,1131
4339,0,535
4340,0,947
4341,0,786
4342,0,1180
4343,0,-83
4344,0,799
4345,0,79
4346,0,581
4347,0,854
4348,0,1320
4349,0,858
4350,0,1184
4351,0,996
4352,0,1225
4353,0,1230
4354,0,105
4355,0,85
4356,0,106
4357,0,281
4358,0,-24
4359,0,338
4360,0,400
4361,0,814
4362,0,1429
4363,0,1839
4364,0,2529
4365,0,1972
4366,0,1096
4367,0,259
4368,0,806
4369,0,725
4370,0,640
4371,0,655
4372,0,1172
4373,0,1325
4374,0,1423
4375,0,1128
4376,0,1753
4377,0,897
4378,0,329
4379,0,654
4380,0,738
4381,0,879
4382,0,840
4383,0,733
4384,0,707
4385,0,665
4386,0,510
4387,0,687
4388,0,735
4389,0,712
4390,0,223
4391,0,-361
4392,0,268
4393,0,155
4394,0,480
4395,0,599
4396,0,330
4397,0,595
4398,0,976
4399,0,1050
4400,0,470
4401,0,-556
4402,0,671
4403,0,146
4404,0,1051
4405,0,916
4406,0,461
4407,0,800
4408,0,456
4409,0,668
4410,0,-411
4411,0,1008
4412,0,1264
4413,0,2263
4414,0,-339
4415,0,329
4416,0,609
4417,0,426
4418,0,276
4419,0,176
4420,0,306
4421,0,511
4422,0,876
4423,0,141
4424,0,-427
4425,0,-55
4426,0,25
4427,0,556
4428,0,916
4429,0,1776
4430,0,160
4431,0,514
4432,0,432
4433,0,-522
4434,0,461
4435,0,840
4436,0,1787
4437,0,2507
4438,0,-410
4439,0,1809
4440,0,1330
4441,0,1023
4442,0,1096
4443,0,2551
4444,0,2201
4445,0,1990
4446,0,1555
4447,0,1406
4448,0,477
4449,0,800
4450,0,8
4451,0,1157
4452,0,1827
4453,0,1441
4454,0,886
4455,0,890
4456,0,700
4457,0,982
4458,0,933
4459,0,224
4460,0,1465
4461,0,1231
4462,0,895
4463,0,55
4464,0,820
4465,0,132
4466,0,83
4467,0,710
4468,0,604
4469,0,715
4470,0,1037
4471,0,1837
4472,0,454
4473,0,196
4474,0,550
4475,0,986
4476,0,912
4477,0,819
4478,0,885
4479,0,823
4480,0,647
4481,0,967
4482,0,954
4483,0,974
4484,0,964
4485,0,868
4486,0,443
4487,0,-168
4488,0,1034
4489,0,148
4490,0,240
4491,0,465
4492,0,455
4493,0,435
4494,0,400
4495,0,611
4496,0,854
4497,0,704
4498,0,357
4499,0,690
4500,0,714
4501,0,900
4502,0,903
4503,0,545
4504,0,788
4505,0,658
4506,0,1015
4507,0,1361
4508,0,1113
4509,0,1604
4510,0,1068
4511,0,20
4512,0,600
4513,0,611
4514,0,810
4515,0,1158
4516,0,737
4517,0,934
4518,0,1255
4519,0,2206
4520,0,3371
4521,0,2594
4522,0,1216
4523,0,1249
4524,0,1298
4525,0,1170
4526,0,935
4527,0,364
4528,0,670
4529,0,634
4530,0,1283
4531,0,883
4532,0,999
4533,0,524
4534,0,1040
4535,0,-93
4536,0,-218
4537,0,440
4538,0,728
4539,0,812
4540,0,800
4541,0,1248
4542,0,1385
4543,0,1998
4544,0,1253
4545,0,-155
4546,0,648
4547,0,1061
4548,0,1017
4549,0,1133
4550,0,290
4551,0,349
4552,0,658
4553,0,779
4554,0,621
4555,0,706
4556,0,758
4557,0,926
4558,0,502
4559,0,-464
4560,0,197
4561,0,690
4562,0,728
4563,0,868
4564,0,796
4565,0,787
4566,0,911
4567,0,1702
4568,0,1028
4569,0,614
4570,0,522
4571,0,447
4572,0,1192
4573,0,1077
4574,0,497
4575,0,743
4576,0,830
4577,0,1121
4578,0,762
4579,0,864
4580,0,746
4581,0,1070
4582,0,584
4583,0,-597
4584,0,450
4585,0,131
4586,0,735
4587,0,962
4588,0,1213
4589,0,1931
4590,0,1776
4591,0,2289
4592,0,1107
4593,0,327
4594,0,405
4595,0,663
4596,0,1214
4597,0,1073
4598,0,666
4599,0,95
4600,0,810
4601,0,898
4602,0,427
4603,0,890
4604,0,1269
4605,0,1289
4606,0,304
4607,0,-99
4608,0,870
4609,0,668
4610,0,634
4611,0,773
4612,0,687
4613,0,669
4614,0,440
4615,0,1682
4616,0,1327
4617,0,724
4618,0,665
4619,0,830
4620,0,1177
4621,0,883
4622,0,906
4623,0,543
4624,0,-114
4625,0,148
4626,0,1963
4627,0,478
4628,0,892
4629,0,1169
4630,0,-59
4631,0,-260
4632,0,845
4633,0,204
4634,0,550
4635,0,597
4636,0,320
4637,0,409
4638,0,226
4639,0,1110
4640,0,657
4641,0,350
4642,0,-42
4643,0,631
4644,0,1289
4645,0,581
4646,0,-324
4647,0,195
4648,0,802
4649,0,411
4650,0,564
4651,0,629
4652,0,781
4653,0,1230
4654,0,837
4655,0,168
4656,0,1378
4657,0,105
4658,0,369
4659,0,562
4660,0,874
4661,0,527
4662,0,767
4663,0,772
4664,0,1067
4665,0,630
4666,0,836
4667,0,1282
4668,0,940
4669,0,633
4670,0,406
4671,0,467
4672,0,141
4673,0,886
4674,0,896
4675,0,953
4676,0,1047
4677,0,1331
4678,0,673
4679,0,-102
4680,0,-295
4681,0,-505
4682,0,756
4683,0,1045
4684,0,800
4685,0,641
4686,0,638
4687,0,1190
4688,0,670
4689,0,764
4690,0,1091
4691,0,1028
4692,0,517
4693,0,692
4694,0,489
4695,0,603
4696,0,888
4697,0,1327
4698,0,1249
4699,0,1117
4700,0,1915
4701,0,891
4702,0,1347
4703,0,-565
4704,0,111
4705,0,87
4706,0,1044
4707,0,1208
4708,0,2055
4709,0,2417
4710,0,3170
4711,0,1988
4712,0,-85
4713,0,-317
4714,0,430
4715,0,852
4716,0,2788
4717,0,1874
4718,0,1356
4719,0,1163
4720,0,1739
4721,0,1269
4722,0,915
4723,0,954
4724,0,936
4725,0,1139
4726,0,576
4727,0,-109
4728,0,594
4729,0,-82
4730,0,584
4731,0,529
4732,0,628
4733,0,624
4734,0,585
4735,0,1374
4736,0,911
4737,0,336
4738,0,768
4739,0,485
4740,0,1229
4741,0,792
4742,0,318
4743,0,35
4744,0,516
4745,0,504
4746,0,205
4747,0,624
4748,0,383
4749,0,377
4750,0,306
4751,0,-468
4752,0,342
4753,0,384
4754,0,498
4755,0,661
4756,0,1760
4757,0,1372
4758,0,925
4759,0,1463
4760,0,324
4761,0,976
4762,0,-75
4763,0,976
4764,0,1002
4765,0,1090
4766,0,75
4767,0,308
4768,0,292
4769,0,-65
4770,0,1235
4771,0,1105
4772,0,1591
4773,0,2112
4774,0,654
4775,0,-56
4776,0,-252
4777,0,233
4778,0,567
4779,0,885
4780,0,666
4781,0,1056
4782,0,1341
4783,0,1912
4784,0,1201
4785,0,434
4786,0,349
4787,0,778
4788,0,653
4789,0,803
4790,0,-7
4791,0,387
4792,0,599
4793,0,676
4794,0,521
4795,0,803
4796,0,730
4797,0,1271
4798,0,292
4799,0,223
4800,0,591
4801,0,242
4802,0,959
4803,0,1155
4804,0,1208
4805,0,1610
4806,0,1983
4807,0,1925
4808,0,1332
4809,0,895
4810,0,849
4811,0,1042
4812,0,893
4813,0,859
4814,0,-9
4815,0,206
4816,0,508
4817,0,1083
4818,0,1328
4819,0,2245
4820,0,2760
4821,0,2399
4822,0,1942
4823,0,19
4824,0,761
4825,0,1137
4826,0,1793
4827,0,1097
4828,0,1157
4829,0,1078
4830,0,974
4831,0,1107
4832,0,1441
4833,0,540
4834,0,716
4835,0,883
4836,0,1536
4837,0,1683
4838,0,1673
4839,0,1045
4840,0,711
4841,0,956
4842,0,963
4843,0,1478
4844,0,888
4845,0,718
4846,0,836
4847,0,108
4848,0,237
4849,0,275
4850,0,1117
4851,0,1496
4852,0,1839
4853,0,1955
4854,0,2479
4855,0,2600
4856,0,2633
4857,0,2488
4858,0,1866
4859,0,1672
4860,0,1080
4861,0,1122
4862,0,2027
4863,0,1419
4864,0,1433
4865,0,1011
4866,0,1455
4867,0,1147
4868,0,1620
4869,0,176
4870,0,894
4871,0,514
4872,0,847
4873,0,579
4874,0,814
4875,0,994
4876,0,895
4877,0,1135
4878,0,785
4879,0,1584
4880,0,1246
4881,0,57
4882,0,489
4883,0,516
4884,0,979
4885,0,1113
4886,0,532
4887,0,692
4888,0,691
4889,0,448
4890,0,1095
4891,0,911
4892,0,1324
4893,0,1062
4894,0,-508
4895,0,623
4896,0,552
4897,0,27
4898,0,791
4899,0,805
4900,0,1065
4901,0,987
4902,0,886
4903,0,987
4904,0,437
4905,0,234
4906,0,311
4907,0,662
4908,0,1894
4909,0,1377
4910,0,1050
4911,0,814
4912,0,443
4913,0,343
4914,0,1204
4915,0,1207
4916,0,1225
4917,0,1351
4918,0,567
4919,0,370
4920,0,954
4921,0,825
4922,0,1008
4923,0,1011
4924,0,896
4925,0,861
4926,0,914
4927,0,1639
4928,0,1215
4929,0,417
4930,0,966
4931,0,891
4932,0,1087
4933,0,1074
4934,0,857
4935,0,863
4936,0,837
4937,0,706
4938,0,231
4939,0,213
4940,0,1671
4941,0,1222
4942,0,340
4943,0,297
4944,0,689
4945,0,96
4946,0,756
4947,0,821
4948,0,847
4949,0,695
4950,0,1017
4951,0,1246
4952,0,765
4953,0,-365
4954,0,348
4955,0,711
4956,0,514
4957,0,605
4958,0,194
4959,0,9
4960,0,1085
4961,0,147
4962,0,-502
4963,0,213
4964,0,1279
4965,0,2267
4966,0,-117
4967,0,1369
4968,0,839
4969,0,106
4970,0,591
4971,0,701
4972,0,633
4973,0,662
4974,0,917
4975,0,807
4976,0,611
4977,0,-170
4978,0,359
4979,0,141
4980,0,422
4981,0,676
4982,0,48
4983,0,604
4984,0,754
4985,0,784
4986,0,483
4987,0,1264
4988,0,1241
4989,0,1962
4990,0,728
4991,0,933
4992,0,1301
4993,0,233
4994,0,569
4995,0,717
4996,0,850
4997,0,396
4998,0,199
4999,0,653
5000,0,1069
5001,0,298
5002,0,667
5003,0,933
5004,0,1142
5005,0,1103
5006,0,1295
5007,0,852
5008,0,582
5009,0,587
5010,0,373
5011,0,247
5012,0,497
5013,0,913
5014,0,335
5015,0,-270
5016,0,137
5017,0,-349
5018,0,606
5019,0,948
5020,0,1439
5021,0,1302
5022,0,1362
5023,0,1588
5024,0,2200
5025,0,2030
5026,0,1028
5027,0,194
5028,0,571
5029,0,790
5030,0,279
5031,0,90
5032,0,779
5033,0,894
5034,0,1424
5035,0,880
5036,0,1138
5037,0,840
5038,0,1201
5039,0,714
5040,0,217
5041,0,495
5042,0,959
5043,0,736
5044,0,754
5045,0,946
5046,0,738
5047,0,990
5048,0,918
5049,0,45
5050,0,-284
5051,0,453
5052,0,576
5053,0,665
5054,0,423
5055,0,431
5056,0,496
5057,0,415
5058,0,580
5059,0,709
5060,0,1033
5061,0,828
5062,0,461
5063,0,-21
5064,0,813
5065,0,480
5066,0,405
5067,0,711
5068,0,589
5069,0,470
5070,0,539
5071,0,1111
5072,0,-319
5073,0,276
5074,0,187
5075,0,833
5076,0,1375
5077,0,1214
5078,0,619
5079,0,423
5080,0,821
5081,0,733
5082,0,-275
5083,0,894
5084,0,2233
5085,0,1703
5086,0,527
5087,0,325
5088,0,1217
5089,0,277
5090,0,631
5091,0,1020
5092,0,1104
5093,0,1621
5094,0,2157
5095,0,1600
5096,0,1141
5097,0,-143
5098,0,159
5099,0,781
5100,0,4471
5101,0,1065
5102,0,971
5103,0,390
5104,0,773
5105,0,921
5106,0,470
5107,0,310
5108,0,1223
5109,0,1564
5110,0,906
5111,0,-71
5112,0,964
5113,0,697
5114,0,1252
5115,0,1047
5116,0,1092
5117,0,1233
5118,0,1244
5119,0,257
5120,0,406
5121,0,830
5122,0,1143
5123,0,1449
5124,0,1107
5125,0,1583
5126,0,794
5127,0,479
5128,0,730
5129,0,746
5130,0,29
5131,0,54
5132,0,1973
5133,0,2280
5134,0,-130
5135,0,1692
5136,0,1396
5137,0,181
5138,0,1093
5139,0,1065
5140,0,1146
5141,0,1072
5142,0,778
5143,0,391
5144,0,705
5145,0,452
5146,0,388
5147,0,1106
5148,0,1053
5149,0,1335
5150,0,783
5151,0,528
5152,0,410
5153,0,-566
5154,0,374
5155,0,847
5156,0,747
5157,0,843
5158,0,947
5159,0,1639
5160,0,1852
5161,0,-170
5162,0,284
5163,0,475
5164,0,413
5165,0,288
5166,0,453
5167,0,1340
5168,0,1107
5169,0,742
5170,0,156
5171,0,364
5172,0,265
5173,0,583
5174,0,511
5175,0,399
5176,0,1010
5177,0,396
5178,0,354
5179,0,311
5180,0,624
5181,0,392
5182,0,405
5183,0,356
5184,0,315
5185,0,348
5186,0,491
5187,0,96
5188,0,1058
5189,0,1015
5190,0,1011
5191,0,1017
5192,0,720
5193,0,802
5194,0,225
5195,0,171
5196,0,270
5197,0,460
5198,0,741
5199,0,332
5200,0,275
5201,0,357
5202,0,633
5203,0,-79
5204,0,120
5205,0,1433
5206,0,897
5207,0,-344
5208,0,652
5209,0,517
5210,0,356
5211,0,624
5212,0,287
5213,0,550
5214,0,463
5215,0,628
5216,0,692
5217,0,852
5218,0,448
5219,0,449
5220,0,666
5221,0,767
5222,0,547
5223,0,227
5224,0,32
5225,0,-1229
5226,0,-937
5227,0,432
5228,0,410
5229,0,508
5230,0,530
5231,0,2813
5232,0,698
5233,0,443
5234,0,486
5235,0,330
5236,0,630
5237,0,413
5238,0,51
5239,0,-1495
5240,0,1109
5241,0,373
5242,0,377
5243,0,351
5244,0,2009
5245,0,1075
5246,0,-361
5247,0,-714
5248,0,-547
5249,0,-344
5250,0,411
5251,0,584
5252,0,671
5253,0,1834
5254,0,982
5255,0,1915
5256,0,359
5257,0,473
5258,0,1002
5259,0,1067
5260,0,995
5261,0,925
5262,0,1122
5263,0,1123
5264,0,694
5265,0,1159
5266,0,557
5267,0,638
5268,0,604
5269,0,918
5270,0,1014
5271,0,713
5272,0,925
5273,0,1098
5274,0,1347
5275,0,1901
5276,0,2451
5277,0,2401
5278,0,1346
5279,0,1841
5280,0,1627
5281,0,1210
5282,0,2331
5283,0,2983
5284,0,2584
5285,0,1783
5286,0,1550
5287,0,394
5288,0,164
5289,0,328
5290,0,186
5291,0,918
5292,0,-764
5293,0,400
5294,0,292
5295,0,-63
5296,0,1025
5297,0,1084
5298,0,508
5299,0,548
5300,0,202
5301,0,787
5302,0,275
5303,0,15
5304,0,967
5305,0,1542
5306,0,2569
5307,0,2457
5308,0,2346
5309,0,2844
5310,0,3687
5311,0,2753
5312,0,1596
5313,0,259
5314,0,13
5315,0,632
5316,0,1225
5317,0,1024
5318,0,66
5319,0,-475
5320,0,302
5321,0,309
5322,0,540
5323,0,302
5324,0,520
5325,0,961
5326,0,20
5327,0,-314
5328,0,542
5329,0,-149
5330,0,198
5331,0,295
5332,0,-48
5333,0,192
5334,0,167
5335,0,153
5336,0,726
5337,0,350
5338,0,-18
5339,0,-7
5340,0,216
5341,0,235
5342,0,264
5343,0,-48
5344,0,219
5345,0,333
5346,0,361
5347,0,209
5348,0,531
5349,0,1041
5350,0,315
5351,0,-161
5352,0,-124
5353,0,-522
5354,0,-112
5355,0,75
5356,0,57
5357,0,-1
5358,0,66
5359,0,-31
5360,0,-13
5361,0,-4
5362,0,-169
5363,0,-182
5364,0,-85
5365,0,36
5366,0,169
5367,0,240
5368,0,345
5369,0,786
5370,0,1047
5371,0,1921
5372,0,1657
5373,0,1322
5374,0,335
5375,0,-4
5376,0,1349
5377,0,311
5378,0,720
5379,0,762
5380,0,159
5381,0,878
5382,0,-17
5383,0,-78
5384,0,830
5385,0,384
5386,0,-287
5387,0,-277
5388,0,808
5389,0,774
5390,0,413
5391,0,-282
5392,0,-138
5393,0,163
5394,0,821
5395,0,422
5396,0,715
5397,0,936
5398,0,-440
5399,0,823
5400,0,312
5401,0,-151
5402,0,1150
5403,0,1040
5404,0,1480
5405,0,1797
5406,0,2092
5407,0,700
5408,0,861
5409,0,-615
5410,0,395
5411,0,129
5412,0,-8
5413,0,723
5414,0,249
5415,0,22
5416,0,55
5417,0,354
5418,0,117
5419,0,117
5420,0,827
5421,0,552
5422,0,-482
5423,0,1174
5424,0,314
5425,0,-40
5426,0,334
5427,0,812
5428,0,1776
5429,0,1787
5430,0,2183
5431,0,2077
5432,0,1792
5433,0,1758
5434,0,1204
5435,0,541
5436,0,114
5437,0,589
5438,0,513
5439,0,361
5440,0,178
5441,0,381
5442,0,660
5443,0,-339
5444,0,237
5445,0,1886
5446,0,289
5447,0,-228
5448,0,453
5449,0,-424
5450,0,183
5451,0,52
5452,0,-62
5453,0,-73
5454,0,261
5455,0,531
5456,0,261
5457,0,-66
5458,0,-48
5459,0,26
5460,0,274
5461,0,586
5462,0,182
5463,0,41
5464,0,344
5465,0,467
5466,0,-1671
5467,0,-371
5468,0,432
5469,0,1478
5470,0,829
5471,0,1794
5472,0,2023
5473,0,907
5474,0,827
5475,0,117
5476,0,1092
5477,0,1531
5478,0,498
5479,0,-67
5480,0,756
5481,0,377
5482,0,836
5483,0,29
5484,0,18
5485,0,291
5486,0,-48
5487,0,-533
5488,0,726
5489,0,625
5490,0,-14
5491,0,11
5492,0,1372
5493,0,1788
5494,0,725
5495,0,1067
5496,0,1239
5497,0,1174
5498,0,1103
5499,0,1649
5500,0,1501
5501,0,2220
5502,0,2470
5503,0,1922
5504,0,1682
5505,0,2001
5506,0,1360
5507,0,1262
5508,0,1033
5509,0,462
5510,0,-9
5511,0,-482
5512,0,43
5513,0,40
5514,0,-393
5515,0,-1031
5516,0,262
5517,0,1879
5518,0,510
5519,0,824
5520,0,1111
5521,0,319
5522,0,452
5523,0,1668
5524,0,2263
5525,0,2376
5526,0,2700
5527,0,2282
5528,0,2549
5529,0,1903
5530,0,468
5531,0,248
5532,0,483
5533,0,723
5534,0,445
5535,0,272
5536,0,81
5537,0,142
5538,0,77
5539,0,623
5540,0,52
5541,0,1348
5542,0,635
5543,0,1261
5544,0,614
5545,0,671
5546,0,1300
5547,0,1464
5548,0,1747
5549,0,1382
5550,0,1575
5551,0,-546
5552,0,1145
5553,0,1414
5554,0,-99
5555,0,141
5556,0,984
5557,0,-83
5558,0,-194
5559,0,-397
5560,0,-138
5561,0,-370
5562,0,-818
5563,0,-623
5564,0,754
5565,0,1971
5566,0,-776
5567,0,897
5568,0,937
5569,0,-114
5570,0,361
5571,0,635
5572,0,366
5573,0,-618
5574,0,-1232
5575,0,-289
5576,0,287
5577,0,-54
5578,0,-318
5579,0,15
5580,0,41
5581,0,943
5582,0,551
5583,0,328
5584,0,-19
5585,0,-1159
5586,0,66
5587,0,-178
5588,0,218
5589,0,917
5590,0,439
5591,0,2320
5592,0,522
5593,0,-343
5594,0,57
5595,0,37
5596,0,-111
5597,0,-295
5598,0,-1397
5599,0,-759
5600,0,1047
5601,0,286
5602,0,-536
5603,0,-269
5604,0,177
5605,0,369
5606,0,235
5607,0,-505
5608,0,-364
5609,0,-91
5610,0,-206
5611,0,154
5612,0,237
5613,0,1051
5614,0,153
5615,0,1745
5616,0,603
5617,0,536
5618,0,-149
5619,0,-76
5620,0,4
5621,0,-128
5622,0,-2119
5623,0,-144
5624,0,61
5625,0,347
5626,0,-298
5627,0,-390
5628,0,1249
5629,0,1476
5630,0,-14
5631,0,-244
5632,0,-511
5633,0,-1066
5634,0,-760
5635,0,89
5636,0,-71
5637,0,756
5638,0,-198
5639,0,2115
5640,0,1342
5641,0,-245
5642,0,39
5643,0,265
5644,0,57
5645,0,244
5646,0,-171
5647,0,-649
5648,0,-345
5649,0,437
5650,0,85
5651,0,1032
5652,0,1753
5653,0,699
5654,0,347
5655,0,617
5656,0,378
5657,0,255
5658,0,-429
5659,0,-857
5660,0,1198
5661,0,1663
5662,0,388
5663,0,1026
5664,0,834
5665,0,369
5666,0,575
5667,0,551
5668,0,115
5669,0,304
5670,0,956
5671,0,590
5672,0,562
5673,0,863
5674,0,263
5675,0,832
5676,0,739
5677,0,627
5678,0,247
5679,0,75
5680,0,275
5681,0,892
5682,0,-560
5683,0,524
5684,0,413
5685,0,2177
5686,0,629
5687,0,422
5688,0,838
5689,0,258
5690,0,792
5691,0,1018
5692,0,749
5693,0,596
5694,0,514
5695,0,368
5696,0,445
5697,0,209
5698,0,-47
5699,0,-150
5700,0,-256
5701,0,115
5702,0,-77
5703,0,97
5704,0,10
5705,0,147
5706,0,349
5707,0,-221
5708,0,811
5709,0,743
5710,0,615
5711,0,-27
5712,0,295
5713,0,-304
5714,0,342
5715,0,684
5716,0,493
5717,0,418
5718,0,595
5719,0,855
5720,0,288
5721,0,1057
5722,0,-45
5723,0,370
5724,0,606
5725,0,1085
5726,0,635
5727,0,243
5728,0,570
5729,0,220
5730,0,-168
5731,0,33
5732,0,1610
5733,0,2112
5734,0,313
5735,0,1417
5736,0,1381
5737,0,-123
5738,0,225
5739,0,294
5740,0,1550
5741,0,1914
5742,0,334
5743,0,-719
5744,0,325
5745,0,693
5746,0,-390
5747,0,-454
5748,0,1072
5749,0,1163
5750,0,-728
5751,0,214
5752,0,-841
5753,0,232
5754,0,488
5755,0,662
5756,0,1130
5757,0,1221
5758,0,516
5759,0,1915
5760,0,220
5761,0,-216
5762,0,483
5763,0,394
5764,0,493
5765,0,522
5766,0,-8
5767,0,140
5768,0,-468
5769,0,673
5770,0,-580
5771,0,54
5772,0,1136
5773,0,357
5774,0,515
5775,0,162
5776,0,-157
5777,0,-156
5778,0,-1360
5779,0,47
5780,0,566
5781,0,1931
5782,0,203
5783,0,1062
5784,0,747
5785,0,367
5786,0,1091
5787,0,1680
5788,0,1883
5789,0,1776
5790,0,334
5791,0,-2172
5792,0,1018
5793,0,605
5794,0,-334
5795,0,-121
5796,0,1316
5797,0,967
5798,0,134
5799,0,-404
5800,0,-306
5801,0,556
5802,0,-765
5803,0,-723
5804,0,1117
5805,0,1547
5806,0,129
5807,0,1633
5808,0,544
5809,0,-109
5810,0,90
5811,0,408
5812,0,422
5813,0,408
5814,0,-335
5815,0,-1717
5816,0,251
5817,0,572
5818,0,280
5819,0,-173
5820,0,594
5821,0,1544
5822,0,-307
5823,0,-929
5824,0,105
5825,0,-577
5826,0,-1454
5827,0,-424
5828,0,306
5829,0,1875
5830,0,143
5831,0,927
5832,0,874
5833,0,-171
5834,0,423
5835,0,1238
5836,0,1582
5837,0,1309
5838,0,1933
5839,0,1365
5840,0,31
5841,0,349
5842,0,654
5843,0,244
5844,0,184
5845,0,202
5846,0,-81
5847,0,41
5848,0,-72
5849,0,29
5850,0,-731
5851,0,-293
5852,0,1632
5853,0,1214
5854,0,243
5855,0,-244
5856,0,1184
5857,0,145
5858,0,495
5859,0,1546
5860,0,1282
5861,0,1237
5862,0,1110
5863,0,1050
5864,0,1210
5865,0,967
5866,0,852
5867,0,458
5868,0,99
5869,0,580
5870,0,299
5871,0,-1
5872,0,102
5873,0,632
5874,0,550
5875,0,-209
5876,0,945
5877,0,1418
5878,0,669
5879,0,705
5880,0,58
5881,0,17
5882,0,-165
5883,0,611
5884,0,771
5885,0,831
5886,0,928
5887,0,-339
5888,0,622
5889,0,1603
5890,0,388
5891,0,542
5892,0,869
5893,0,747
5894,0,-334
5895,0,-29
5896,0,113
5897,0,385
5898,0,-534
5899,0,-316
5900,0,829
5901,0,1414
5902,0,380
5903,0,140
5904,0,592
5905,0,47
5906,0,701
5907,0,1078
5908,0,997
5909,0,1154
5910,0,208
5911,0,-83
5912,0,1870
5913,0,1201
5914,0,709
5915,0,434
5916,0,1039
5917,0,1204
5918,0,944
5919,0,538
5920,0,692
5921,0,758
5922,0,-164
5923,0,-88
5924,0,1658
5925,0,2022
5926,0,818
5927,0,346
5928,0,438
5929,0,307
5930,0,545
5931,0,698
5932,0,689
5933,0,641
5934,0,-207
5935,0,948
5936,0,529
5937,0,1036
5938,0,405
5939,0,470
5940,0,223
5941,0,467
5942,0,207
5943,0,-180
5944,0,421
5945,0,-51
5946,0,-1367
5947,0,915
5948,0,1258
5949,0,2205
5950,0,-313
5951,0,456
5952,0,1767
5953,0,-280
5954,0,728
5955,0,716
5956,0,614
5957,0,187
5958,0,-636
5959,0,121
5960,0,-38
5961,0,1063
5962,0,723
5963,0,1049
5964,0,1032
5965,0,1027
5966,0,226
5967,0,82
5968,0,184
5969,0,-360
5970,0,-176
5971,0,349
5972,0,1829
5973,0,2041
5974,0,1091
5975,0,51
5976,0,273
5977,0,1193
5978,0,1355
5979,0,1398
5980,0,1037
5981,0,1185
5982,0,-705
5983,0,88
5984,0,229
5985,0,484
5986,0,833
5987,0,1312
5988,0,1565
5989,0,795
5990,0,86
5991,0,11
5992,0,148
5993,0,787
5994,0,835
5995,0,718
5996,0,1240
5997,0,1277
5998,0,1110
5999,0,235
6000,0,681
6001,0,266
6002,0,901
6003,0,937
6004,0,1259
6005,0,1499
6006,0,1335
6007,0,1356
6008,0,1068
6009,0,1120
6010,0,626
6011,0,912
6012,0,485
6013,0,622
6014,0,590
6015,0,-356
6016,0,544
6017,0,482
6018,0,372
6019,0,509
6020,0,1137
6021,0,1165
6022,0,114
6023,0,-20
6024,0,660
6025,0,71
6026,0,216
6027,0,744
6028,0,1069
6029,0,1284
6030,0,1249
6031,0,1005
6032,0,1029
6033,0,1376
6034,0,1086
6035,0,354
6036,0,-67
6037,0,223
6038,0,-142
6039,0,-404
6040,0,-154
6041,0,411
6042,0,508
6043,0,-828
6044,0,619
6045,0,2159
6046,0,452
6047,0,-52
6048,0,387
6049,0,166
6050,0,707
6051,0,1408
6052,0,1142
6053,0,1751
6054,0,1074
6055,0,-69
6056,0,-682
6057,0,327
6058,0,-168
6059,0,690
6060,0,419
6061,0,289
6062,0,27
6063,0,6
6064,0,249
6065,0,381
6066,0,-705
6067,0,-1151
6068,0,1272
6069,0,2829
6070,0,736
6071,0,150
6072,0,458
6073,0,620
6074,0,697
6075,0,868
6076,0,710
6077,0,965
6078,0,1405
6079,0,1043
6080,0,253
6081,0,1109
6082,0,154
6083,0,315
6084,0,847
6085,0,918
6086,0,361
6087,0,587
6088,0,519
6089,0,607
6090,0,-178
6091,0,-1077
6092,0,1042
6093,0,2759
6094,0,-257
6095,0,829
6096,0,910
6097,0,-37
6098,0,534
6099,0,520
6100,0,361
6101,0,315
6102,0,686
6103,0,453
6104,0,1292
6105,0,864
6106,0,30
6107,0,162
6108,0,315
6109,0,658
6110,0,200
6111,0,177
6112,0,524
6113,0,622
6114,0,-79
6115,0,-679
6116,0,1468
6117,0,2081
6118,0,-366
6119,0,-85
6120,0,-323
6121,0,-157
6122,0,26
6123,0,22
6124,0,13
6125,0,-35
6126,0,-1370
6127,0,-526
6128,0,150
6129,0,557
6130,0,296
6131,0,1031
6132,0,1107
6133,0,1287
6134,0,103
6135,0,-27
6136,0,452
6137,0,-412
6138,0,-1052
6139,0,208
6140,0,2340
6141,0,974
6142,0,356
6143,0,59
6144,0,-1486
6145,0,-1661
6146,0,519
6147,0,549
6148,0,252
6149,0,327
6150,0,-667
6151,0,-417
6152,0,-14
6153,0,1589
6154,0,926
6155,0,730
6156,0,193
6157,0,569
6158,0,295
6159,0,-480
6160,0,42
6161,0,515
6162,0,366
6163,0,435
6164,0,218
6165,0,442
6166,0,398
6167,0,102
6168,0,-426
6169,0,-30
6170,0,446
6171,0,958
6172,0,1077
6173,0,1062
6174,0,1140
6175,0,916
6176,0,1571
6177,0,1376
6178,0,1010
6179,0,522
6180,0,188
6181,0,294
6182,0,11
6183,0,-271
6184,0,-101
6185,0,405
6186,0,862
6187,0,333
6188,0,1083
6189,0,1143
6190,0,-1
6191,0,-363
6192,0,117
6193,0,75
6194,0,328
6195,0,807
6196,0,886
6197,0,1399
6198,0,1442
6199,0,1400
6200,0,1572
6201,0,2016
6202,0,1080
6203,0,411
6204,0,-165
6205,0,-98
6206,0,-125
6207,0,-396
6208,0,-408
6209,0,-7
6210,0,1264
6211,0,-437
6212,0,262
6213,0,1143
6214,0,-508
6215,0,77
6216,0,-96
6217,0,-467
6218,0,636
6219,0,1339
6220,0,2237
6221,0,2552
6222,0,1597
6223,0,-173
6224,0,1771
6225,0,750
6226,0,210
6227,0,-862
6228,0,498
6229,0,428
6230,0,-82
6231,0,92
6232,0,278
6233,0,-872
6234,0,-140
6235,0,103
6236,0,1476
6237,0,2237
6238,0,-1057
6239,0,-1177
6240,0,265
6241,0,-184
6242,0,228
6243,0,272
6244,0,664
6245,0,343
6246,0,747
6247,0,1513
6248,0,764
6249,0,139
6250,0,-340
6251,0,31
6252,0,574
6253,0,373
6254,0,-114
6255,0,-20
6256,0,71
6257,0,567
6258,0,-87
6259,0,-398
6260,0,995
6261,0,679
6262,0,-1347
6263,0,811
6264,0,539
6265,0,51
6266,0,169
6267,0,475
6268,0,582
6269,0,806
6270,0,1199
6271,0,1354
6272,0,1282
6273,0,406
6274,0,435
6275,0,134
6276,0,585
6277,0,843
6278,0,679
6279,0,377
6280,0,878
6281,0,964
6282,0,797
6283,0,837
6284,0,1573
6285,0,1022
6286,0,-99
6287,0,-449
6288,0,165
6289,0,-215
6290,0,-96
6291,0,497
6292,0,471
6293,0,409
6294,0,960
6295,0,1180
6296,0,845
6297,0,879
6298,0,0
6299,0,337
6300,0,1166
6301,0,975
6302,0,412
6303,0,707
6304,0,978
6305,0,1009
6306,0,-963
6307,0,-102
6308,0,1550
6309,0,-597
6310,0,1252
6311,0,79
6312,0,-1548
6313,0,-1614
6314,0,747
6315,0,647
6316,0,395
6317,0,518
6318,0,984
6319,0,1931
6320,0,422
6321,0,146
6322,0,54
6323,0,201
6324,0,161
6325,0,191
6326,0,-196
6327,0,-229
6328,0,169
6329,0,315
6330,0,510
6331,0,247
6332,0,1283
6333,0,540
6334,0,-237
6335,0,-182
6336,0,739
6337,0,-351
6338,0,-20
6339,0,86
6340,0,67
6341,0,-57
6342,0,26
6343,0,137
6344,0,428
6345,0,704
6346,0,-180
6347,0,-267
6348,0,151
6349,0,654
6350,0,-93
6351,0,-177
6352,0,55
6353,0,239
6354,0,-1403
6355,0,-266
6356,0,2119
6357,0,1054
6358,0,-289
6359,0,-149
6360,0,-463
6361,0,-627
6362,0,-62
6363,0,350
6364,0,767
6365,0,539
6366,0,490
6367,0,492
6368,0,321
6369,0,223
6370,0,-74
6371,0,-219
6372,0,-111
6373,0,243
6374,0,-15
6375,0,-222
6376,0,212
6377,0,263
6378,0,1277
6379,0,-420
6380,0,906
6381,0,204
6382,0,535
6383,0,884
6384,0,230
6385,0,-282
6386,0,928
6387,0,2564
6388,0,3075
6389,0,3873
6390,0,3156
6391,0,-194
6392,0,54
6393,0,257
6394,0,-224
6395,0,-13
6396,0,2114
6397,0,990
6398,0,542
6399,0,660
6400,0,715
6401,0,120
6402,0,-1049
6403,0,634
6404,0,2266
6405,0,1855
6406,0,618
6407,0,-104
6408,0,1654
6409,0,580
6410,0,1301
6411,0,1913
6412,0,2378
6413,0,2590
6414,0,1917
6415,0,1655
6416,0,633
6417,0,993
6418,0,1585
6419,0,859
6420,0,1322
6421,0,960
6422,0,162
6423,0,-116
6424,0,278
6425,0,-253
6426,0,-729
6427,0,-849
6428,0,2123
6429,0,2192
6430,0,455
6431,0,-536
6432,0,767
6433,0,145
6434,0,557
6435,0,1072
6436,0,1609
6437,0,1362
6438,0,619
6439,0,296
6440,0,625
6441,0,841
6442,0,655
6443,0,1157
6444,0,1216
6445,0,773
6446,0,42
6447,0,22
6448,0,463
6449,0,-142
6450,0,-1607
6451,0,-665
6452,0,1761
6453,0,2386
6454,0,1234
6455,0,-67
6456,0,398
6457,0,478
6458,0,875
6459,0,683
6460,0,993
6461,0,1015
6462,0,280
6463,0,739
6464,0,52
6465,0,1167
6466,0,969
6467,0,661
6468,0,729
6469,0,548
6470,0,277
6471,0,277
6472,0,556
6473,0,829
6474,0,-1379
6475,0,-297
6476,0,2380
6477,0,1549
6478,0,1220
6479,0,708
6480,0,155
6481,0,-164
6482,0,311
6483,0,725
6484,0,787
6485,0,460
6486,0,586
6487,0,1579
6488,0,811
6489,0,-193
6490,0,158
6491,0,208
6492,0,515
6493,0,1093
6494,0,497
6495,0,268
6496,0,233
6497,0,1120
6498,0,667
6499,0,979
6500,0,675
6501,0,537
6502,0,712
6503,0,-18
6504,0,594
6505,0,-280
6506,0,107
6507,0,759
6508,0,728
6509,0,1223
6510,0,1259
6511,0,926
6512,0,781
6513,0,1030
6514,0,319
6515,0,471
6516,0,682
6517,0,1015
6518,0,663
6519,0,-150
6520,0,369
6521,0,-103
6522,0,899
6523,0,-1379
6524,0,1769
6525,0,1852
6526,0,525
6527,0,887
6528,0,692
6529,0,50
6530,0,594
6531,0,673
6532,0,401
6533,0,-6
6534,0,235
6535,0,62
6536,0,-190
6537,0,-94
6538,0,246
6539,0,-110
6540,0,-80
6541,0,379
6542,0,112
6543,0,93
6544,0,397
6545,0,410
6546,0,-112
6547,0,-490
6548,0,2604
6549,0,1396
6550,0,-198
6551,0,-154
6552,0,502
6553,0,1697
6554,0,2606
6555,0,4261
6556,0,4822
6557,0,4892
6558,0,3016
6559,0,1602
6560,0,1129
6561,0,509
6562,0,746
6563,0,540
6564,0,1324
6565,0,1063
6566,0,618
6567,0,222
6568,0,747
6569,0,810
6570,0,380
6571,0,476
6572,0,2539
6573,0,2110
6574,0,-645
6575,0,494
6576,0,1408
6577,0,2074
6578,0,2784
6579,0,4735
6580,0,4925
6581,0,4919
6582,0,3885
6583,0,2521
6584,0,853
6585,0,589
6586,0,468
6587,0,-69
6588,0,1384
6589,0,773
6590,0,118
6591,0,268
6592,0,702
6593,0,-323
6594,0,-258
6595,0,-429
6596,0,1758
6597,0,2257
6598,0,-837
6599,0,-220
6600,0,446
6601,0,470
6602,0,1332
6603,0,1470
6604,0,2386
6605,0,1442
6606,0,518
6607,0,-616
6608,0,126
6609,0,-187
6610,0,-589
6611,0,-18
6612,0,616
6613,0,952
6614,0,970
6615,0,681
6616,0,105
6617,0,-473
6618,0,-1270
6619,0,948
6620,0,976
6621,0,2653
6622,0,540
6623,0,-143
6624,0,1128
6625,0,-88
6626,0,279
6627,0,518
6628,0,314
6629,0,100
6630,0,-664
6631,0,-74
6632,0,482
6633,0,51
6634,0,-405
6635,0,1456
6636,0,2059
6637,0,793
6638,0,358
6639,0,194
6640,0,-525
6641,0,-1424
6642,0,379
6643,0,1057
6644,0,1144
6645,0,2236
6646,0,1232
6647,0,520
6648,0,1021
6649,0,-37
6650,0,0
6651,0,391
6652,0,297
6653,0,658
6654,0,750
6655,0,-751
6656,0,707
6657,0,1913
6658,0,99
6659,0,1081
6660,0,783
6661,0,544
6662,0,728
6663,0,482
6664,0,768
6665,0,-825
6666,0,-475
6667,0,586
6668,0,2397
6669,0,1908
6670,0,-355
6671,0,530
6672,0,-55
6673,0,-225
6674,0,-73
6675,0,731
6676,0,812
6677,0,-43
6678,0,769
6679,0,577
6680,0,337
6681,0,714
6682,0,507
6683,0,-91
6684,0,264
6685,0,687
6686,0,386
6687,0,206
6688,0,408
6689,0,144
6690,0,1193
6691,0,1178
6692,0,2416
6693,0,2601
6694,0,570
6695,0,560
6696,0,1768
6697,0,3506
6698,0,4893
6699,0,5907
6700,0,6247
6701,0,6401
6702,0,6136
6703,0,5997
6704,0,5429
6705,0,5581
6706,0,4746
6707,0,3367
6708,0,4606
6709,0,5983
6710,0,6002
6711,0,5250
6712,0,5069
6713,0,4553
6714,0,2940
6715,0,2894
6716,0,2553
6717,0,3097
6718,0,1433
6719,0,1303
6720,0,1184
6721,0,2759
6722,0,3122
6723,0,2659
6724,0,3045
6725,0,2714
6726,0,655
6727,0,1437
6728,0,383
6729,0,564
6730,0,-200
6731,0,338
6732,0,400
6733,0,1537
6734,0,437
6735,0,535
6736,0,-536
6737,0,-994
6738,0,296
6739,0,873
6740,0,1565
6741,0,1056
6742,0,452
6743,0,1434
6744,0,1006
6745,0,277
6746,0,821
6747,0,1172
6748,0,1328
6749,0,788
6750,0,-1333
6751,0,1453
6752,0,741
6753,0,519
6754,0,95
6755,0,354
6756,0,679
6757,0,596
6758,0,518
6759,0,-786
6760,0,-849
6761,0,-296
6762,0,-355
6763,0,563
6764,0,1093
6765,0,-98
6766,0,1860
6767,0,1227
6768,0,494
6769,0,-65
6770,0,24
6771,0,-111
6772,0,-124
6773,0,1470
6774,0,-1219
6775,0,1720
6776,0,997
6777,0,-36
6778,0,192
6779,0,363
6780,0,747
6781,0,1003
6782,0,143
6783,0,-22
6784,0,451
6785,0,-1079
6786,0,504
6787,0,752
6788,0,2075
6789,0,96
6790,0,148
6791,0,32
6792,0,713
6793,0,871
6794,0,1903
6795,0,4222
6796,0,5085
6797,0,4508
6798,0,1733
6799,0,1479
6800,0,587
6801,0,-257
6802,0,715
6803,0,337
6804,0,891
6805,0,1169
6806,0,450
6807,0,-259
6808,0,509
6809,0,-567
6810,0,39
6811,0,491
6812,0,1360
6813,0,1138
6814,0,-1025
6815,0,456
6816,0,1855
6817,0,948
6818,0,2065
6819,0,3068
6820,0,2769
6821,0,2932
6822,0,1736
6823,0,-7
6824,0,438
6825,0,1036
6826,0,1321
6827,0,573
6828,0,853
6829,0,1375
6830,0,283
6831,0,106
6832,0,-71
6833,0,-426
6834,0,446
6835,0,637
6836,0,2199
6837,0,1389
6838,0,-142
6839,0,-177
6840,0,721
6841,0,292
6842,0,1360
6843,0,2211
6844,0,4322
6845,0,4939
6846,0,5117
6847,0,3379
6848,0,1590
6849,0,2054
6850,0,1526
6851,0,528
6852,0,736
6853,0,1415
6854,0,841
6855,0,1590
6856,0,2816
6857,0,2849
6858,0,1542
6859,0,1073
6860,0,1769
6861,0,2958
6862,0,2125
6863,0,2658
6864,0,4669
6865,0,5831
6866,0,5541
6867,0,6405
6868,0,6491
6869,0,5624
6870,0,6319
6871,0,6025
6872,0,5451
6873,0,6982
6874,0,7096
6875,0,5029
6876,0,4591
6877,0,5440
6878,0,3409
6879,0,2200
6880,0,4921
6881,0,4801
6882,0,2945
6883,0,1072
6884,0,2672
6885,0,2217
6886,0,1371
6887,0,1386
6888,0,1120
6889,0,2777
6890,0,3742
6891,0,6333
6892,0,6636
6893,0,6284
6894,0,5921
6895,0,4311
6896,0,1383
6897,0,5
6898,0,-46
6899,0,-237
6900,0,303
6901,0,474
6902,0,-205
6903,0,-99
6904,0,-321
6905,0,313
6906,0,779
6907,0,820
6908,0,838
6909,0,1521
6910,0,503
6911,0,438
6912,0,531
6913,0,-346
6914,0,-228
6915,0,-52
6916,0,-47
6917,0,-269
6918,0,-2615
6919,0,-228
6920,0,-124
6921,0,-150
6922,0,119
6923,0,-539
6924,0,527
6925,0,124
6926,0,71
6927,0,-136
6928,0,-358
6929,0,-193
6930,0,378
6931,0,369
6932,0,1170
6933,0,1076
6934,0,721
6935,0,1663
6936,0,695
6937,0,-392
6938,0,99
6939,0,244
6940,0,27
6941,0,-117
6942,0,-1427
6943,0,-811
6944,0,71
6945,0,-192
6946,0,-167
6947,0,-26
6948,0,482
6949,0,698
6950,0,399
6951,0,-513
6952,0,-797
6953,0,-739
6954,0,151
6955,0,575
6956,0,377
6957,0,852
6958,0,1356
6959,0,1518
6960,0,225
6961,0,-445
6962,0,477
6963,0,854
6964,0,1461
6965,0,1088
6966,0,-116
6967,0,1128
6968,0,928
6969,0,120
6970,0,21
6971,0,-46
6972,0,147
6973,0,150
6974,0,-364
6975,0,96
6976,0,-180
6977,0,-1467
6978,0,-299
6979,0,646
6980,0,1885
6981,0,1438
6982,0,-596
6983,0,-634
6984,0,1621
6985,0,2298
6986,0,1905
6987,0,3053
6988,0,3457
6989,0,3226
6990,0,1892
6991,0,2364
6992,0,574
6993,0,228
6994,0,-85
6995,0,-157
6996,0,338
6997,0,754
6998,0,-731
6999,0,-864
7000,0,-733
7001,0,219
7002,0,-30
7003,0,805
7004,0,1107
7005,0,1418
7006,0,367
7007,0,-654
7008,0,1076
7009,0,519
7010,0,2535
7011,0,3204
7012,0,3488
7013,0,3992
7014,0,4982
7015,0,3287
7016,0,1185
7017,0,1137
7018,0,1451
7019,0,274
7020,0,246
7021,0,1229
7022,0,792
7023,0,764
7024,0,925
7025,0,399
7026,0,-393
7027,0,994
7028,0,1943
7029,0,1815
7030,0,-116
7031,0,511
7032,0,566
7033,0,1857
7034,0,2749
7035,0,3043
7036,0,3434
7037,0,4313
7038,0,3978
7039,0,2299
7040,0,850
7041,0,2466
7042,0,2993
7043,0,648
7044,0,459
7045,0,903
7046,0,685
7047,0,121
7048,0,289
7049,0,683
7050,0,-147
7051,0,1875
7052,0,3210
7053,0,662
7054,0,62
7055,0,568
7056,0,595
7057,0,329
7058,0,565
7059,0,1769
7060,0,2421
7061,0,3155
7062,0,2649
7063,0,1000
7064,0,1479
7065,0,1201
7066,0,723
7067,0,724
7068,0,1490
7069,0,1304
7070,0,1063
7071,0,863
7072,0,-110
7073,0,-24
7074,0,398
7075,0,1153
7076,0,1578
7077,0,1569
7078,0,-1470
7079,0,51
7080,0,1723
7081,0,3906
7082,0,5862
7083,0,5817
7084,0,5793
7085,0,5386
7086,0,4607
7087,0,3459
7088,0,1177
7089,0,497
7090,0,203
7091,0,1086
7092,0,1662
7093,0,1342
7094,0,505
7095,0,405
7096,0,606
7097,0,237
7098,0,-486
7099,0,1211
7100,0,2010
7101,0,1796
7102,0,272
7103,0,791
7104,0,1140
7105,0,79
7106,0,261
7107,0,1253
7108,0,1036
7109,0,1267
7110,0,1502
7111,0,-220
7112,0,991
7113,0,778
7114,0,670
7115,0,8
7116,0,684
7117,0,981
7118,0,1058
7119,0,212
7120,0,390
7121,0,112
7122,0,210
7123,0,1143
7124,0,1384
7125,0,794
7126,0,574
7127,0,13
7128,0,2027
7129,0,701
7130,0,1519
7131,0,1282
7132,0,727
7133,0,365
7134,0,976
7135,0,-803
7136,0,614
7137,0,-198
7138,0,87
7139,0,-37
7140,0,696
7141,0,654
7142,0,879
7143,0,369
7144,0,507
7145,0,-1107
7146,0,289
7147,0,693
7148,0,1370
7149,0,796
7150,0,1548
7151,0,937
7152,0,371
7153,0,206
7154,0,810
7155,0,1344
7156,0,949
7157,0,926
7158,0,-51
7159,0,537
7160,0,928
7161,0,200
7162,0,570
7163,0,504
7164,0,680
7165,0,1929
7166,0,630
7167,0,227
7168,0,175
7169,0,-803
7170,0,-705
7171,0,1042
7172,0,695
7173,0,1511
7174,0,-643
7175,0,709
7176,0,1943
7177,0,-50
7178,0,351
7179,0,780
7180,0,1300
7181,0,803
7182,0,388
7183,0,1517
7184,0,1744
7185,0,1650
7186,0,886
7187,0,445
7188,0,15
7189,0,446
7190,0,-325
7191,0,-321
7192,0,737
7193,0,1490
7194,0,3171
7195,0,1782
7196,0,936
7197,0,1346
7198,0,-800
7199,0,-644
7200,0,497
7201,0,1348
7202,0,3051
7203,0,5203
7204,0,5818
7205,0,6189
7206,0,5937
7207,0,6864
7208,0,6445
7209,0,5603
7210,0,5398
7211,0,5535
7212,0,4378
7213,0,3709
7214,0,5913
7215,0,4851
7216,0,4521
7217,0,5123
7218,0,2447
7219,0,1206
7220,0,1605
7221,0,1597
7222,0,161
7223,0,-88
7224,0,-109
7225,0,1558
7226,0,2412
7227,0,3475
7228,0,5074
7229,0,4768
7230,0,4336
7231,0,3790
7232,0,1965
7233,0,-27
7234,0,-387
7235,0,-536
7236,0,-538
7237,0,-547
7238,0,-79
7239,0,-621
7240,0,69
7241,0,724
7242,0,92
7243,0,912
7244,0,985
7245,0,434
7246,0,1250
7247,0,-398
7248,0,600
7249,0,-248
7250,0,604
7251,0,385
7252,0,463
7253,0,87
7254,0,164
7255,0,-33
7256,0,836
7257,0,54
7258,0,-272
7259,0,-72
7260,0,220
7261,0,-59
7262,0,191
7263,0,250
7264,0,632
7265,0,-332
7266,0,-731
7267,0,398
7268,0,462
7269,0,259
7270,0,186
7271,0,-652
7272,0,1963
7273,0,-1152
7274,0,-62
7275,0,-467
7276,0,536
7277,0,345
7278,0,-48
7279,0,-558
7280,0,348
7281,0,134
7282,0,-142
7283,0,26
7284,0,-89
7285,0,-263
7286,0,-175
7287,0,-239
7288,0,-953
7289,0,-540
7290,0,-324
7291,0,-539
7292,0,4
7293,0,1054
7294,0,2113
7295,0,298
7296,0,305
7297,0,460
7298,0,-659
7299,0,-474
7300,0,-535
7301,0,-204
7302,0,-60
7303,0,524
7304,0,504
7305,0,1055
7306,0,435
7307,0,-357
7308,0,-395
7309,0,-383
7310,0,-63
7311,0,363
7312,0,-575
7313,0,414
7314,0,93
7315,0,464
7316,0,1256
7317,0,819
7318,0,-75
7319,0,425
7320,0,-711
7321,0,-58
7322,0,1250
7323,0,2707
7324,0,3930
7325,0,4981
7326,0,4204
7327,0,2324
7328,0,1353
7329,0,-163
7330,0,-111
7331,0,-131
7332,0,-558
7333,0,-752
7334,0,1689
7335,0,-439
7336,0,-994
7337,0,-427
7338,0,91
7339,0,-118
7340,0,283
7341,0,1475
7342,0,1128
7343,0,-982
7344,0,660
7345,0,145
7346,0,-652
7347,0,48
7348,0,2166
7349,0,3234
7350,0,2012
7351,0,2204
7352,0,285
7353,0,122
7354,0,569
7355,0,733
7356,0,-324
7357,0,-557
7358,0,-114
7359,0,-228
7360,0,-792
7361,0,-900
7362,0,-859
7363,0,-166
7364,0,845
7365,0,1004
7366,0,1523
7367,0,-151
7368,0,-121
7369,0,383
7370,0,-888
7371,0,-356
7372,0,-830
7373,0,207
7374,0,910
7375,0,1121
7376,0,1026
7377,0,702
7378,0,1748
7379,0,689
7380,0,-412
7381,0,-598
7382,0,-340
7383,0,-252
7384,0,-173
7385,0,639
7386,0,75
7387,0,1306
7388,0,763
7389,0,2133
7390,0,135
7391,0,-620
7392,0,-856
7393,0,1376
7394,0,3233
7395,0,3773
7396,0,4338
7397,0,5020
7398,0,5724
7399,0,2981
7400,0,2293
7401,0,-696
7402,0,-225
7403,0,57
7404,0,-153
7405,0,-829
7406,0,84
7407,0,-484
7408,0,-264
7409,0,-142
7410,0,-11
7411,0,971
7412,0,935
7413,0,1533
7414,0,259
7415,0,-433
7416,0,-1287
7417,0,985
7418,0,4212
7419,0,5672
7420,0,5487
7421,0,5636
7422,0,5992
7423,0,5075
7424,0,3085
7425,0,49
7426,0,-444
7427,0,259
7428,0,-250
7429,0,-21
7430,0,-639
7431,0,-415
7432,0,-242
7433,0,-245
7434,0,362
7435,0,666
7436,0,1200
7437,0,2407
7438,0,681
7439,0,-883
7440,0,-1224
7441,0,203
7442,0,1681
7443,0,1969
7444,0,2255
7445,0,2542
7446,0,3915
7447,0,5751
7448,0,4268
7449,0,2507
7450,0,1309
7451,0,958
7452,0,-16
7453,0,-345
7454,0,950
7455,0,-463
7456,0,-469
7457,0,72
7458,0,-561
7459,0,1282
7460,0,1399
7461,0,1278
7462,0,202
7463,0,-608
7464,0,-703
7465,0,424
7466,0,-765
7467,0,84
7468,0,524
7469,0,780
7470,0,1118
7471,0,-671
7472,0,-349
7473,0,-253
7474,0,-77
7475,0,-419
7476,0,246
7477,0,685
7478,0,213
7479,0,-125
7480,0,-520
7481,0,221
7482,0,269
7483,0,292
7484,0,516
7485,0,339
7486,0,2854
7487,0,-2558
7488,0,-2283
7489,0,-602
7490,0,-637
7491,0,1131
7492,0,1004
7493,0,831
7494,0,1453
7495,0,2817
7496,0,1399
7497,0,180
7498,0,1701
7499,0,1920
7500,0,-509
7501,0,-231
7502,0,2351
7503,0,-159
7504,0,2615
7505,0,436
7506,0,1070
7507,0,728
7508,0,1479
7509,0,2670
7510,0,563
7511,0,-1302
7512,0,-1031
7513,0,-253
7514,0,1050
7515,0,2208
7516,0,4640
7517,0,5999
7518,0,6577
7519,0,6587
7520,0,5312
7521,0,4446
7522,0,2471
7523,0,1226
7524,0,-493
7525,0,-702
7526,0,71
7527,0,-161
7528,0,-623
7529,0,-30
7530,0,-481
7531,0,26
7532,0,1549
7533,0,1936
7534,0,1088
7535,0,-161
7536,0,-618
7537,0,-148
7538,0,1949
7539,0,4699
7540,0,6180
7541,0,6400
7542,0,7636
7543,0,8171
7544,0,8054
7545,0,7395
7546,0,7132
7547,0,3627
7548,0,1039
7549,0,-371
7550,0,271
7551,0,-120
7552,0,-123
7553,0,739
7554,0,897
7555,0,964
7556,0,431
7557,0,567
7558,0,-42
7559,0,-271
7560,0,111
7561,0,338
7562,0,516
7563,0,967
7564,0,2105
7565,0,2386
7566,0,2062
7567,0,46
7568,0,-891
7569,0,1568
7570,0,12
7571,0,678
7572,0,-223
7573,0,951
7574,0,1107
7575,0,-231
7576,0,-546
7577,0,-1455
7578,0,-282
7579,0,426
7580,0,1076
7581,0,3492
7582,0,-112
7583,0,118
7584,0,2
7585,0,964
7586,0,187
7587,0,542
7588,0,927
7589,0,1049
7590,0,1220
7591,0,593
7592,0,1093
7593,0,-1055
7594,0,-627
7595,0,1549
7596,0,-31
7597,0,246
7598,0,-44
7599,0,-1259
7600,0,-576
7601,0,-624
7602,0,-240
7603,0,113
7604,0,741
7605,0,1186
7606,0,2722
7607,0,-296
7608,0,280
7609,0,23
7610,0,111
7611,0,590
7612,0,1436
7613,0,1339
7614,0,1255
7615,0,163
7616,0,1827
7617,0,80
7618,0,-376
7619,0,20
7620,0,-362
7621,0,-861
7622,0,345
7623,0,-580
7624,0,-214
7625,0,82
7626,0,-341
7627,0,932
7628,0,920
7629,0,1679
7630,0,2221
7631,0,-390
7632,0,-798
7633,0,703
7634,0,543
7635,0,1054
7636,0,1768
7637,0,2431
7638,0,1007
7639,0,562
7640,0,2103
7641,0,734
7642,0,-198
7643,0,80
7644,0,276
7645,0,853
7646,0,631
7647,0,-674
7648,0,-219
7649,0,-157
7650,0,227
7651,0,845
7652,0,364
7653,0,2061
7654,0,1589
7655,0,760
7656,0,-450
7657,0,231
7658,0,-729
7659,0,431
7660,0,1388
7661,0,945
7662,0,-140
7663,0,294
7664,0,1025
7665,0,341
7666,0,176
7667,0,-450
7668,0,-515
7669,0,164
7670,0,484
7671,0,-1024
7672,0,210
7673,0,-74
7674,0,485
7675,0,888
7676,0,212
7677,0,792
7678,0,1284
7679,0,261
7680,0,-842
7681,0,927
7682,0,178
7683,0,914
7684,0,994
7685,0,2298
7686,0,819
7687,0,1268
7688,0,1569
7689,0,1396
7690,0,1641
7691,0,1334
7692,0,455
7693,0,322
7694,0,1595
7695,0,-122
7696,0,185
7697,0,-333
7698,0,-307
7699,0,414
7700,0,932
7701,0,2318
7702,0,1344
7703,0,11
7704,0,-1078
7705,0,-312
7706,0,477
7707,0,1741
7708,0,4219
7709,0,4930
7710,0,4791
7711,0,6337
7712,0,4955
7713,0,3537
7714,0,3278
7715,0,2094
7716,0,152
7717,0,-394
7718,0,1191
7719,0,-306
7720,0,-311
7721,0,-736
7722,0,-1893
7723,0,-347
7724,0,965
7725,0,1460
7726,0,1445
7727,0,-414
7728,0,-217
7729,0,-940
7730,0,285
7731,0,844
7732,0,2120
7733,0,1122
7734,0,531
7735,0,-1844
7736,0,1287
7737,0,315
7738,0,-408
7739,0,-4
7740,0,-18
7741,0,149
7742,0,304
7743,0,57
7744,0,-222
7745,0,-103
7746,0,-283
7747,0,150
7748,0,591
7749,0,496
7750,0,463
7751,0,397
7752,0,-14
7753,0,478
7754,0,-1393
7755,0,-134
7756,0,1022
7757,0,681
7758,0,-247
7759,0,1369
7760,0,1534
7761,0,144
7762,0,-473
7763,0,-242
7764,0,-146
7765,0,-375
7766,0,-243
7767,0,-599
7768,0,-519
7769,0,-433
7770,0,-36
7771,0,338
7772,0,178
7773,0,684
7774,0,-121
7775,0,-444
7776,0,-260
7777,0,-708
7778,0,-941
7779,0,-385
7780,0,-644
7781,0,136
7782,0,1250
7783,0,1279
7784,0,888
7785,0,-77
7786,0,-659
7787,0,-615
7788,0,-296
7789,0,-151
7790,0,-192
7791,0,-418
7792,0,-124
7793,0,302
7794,0,112
7795,0,749
7796,0,453
7797,0,545
7798,0,639
7799,0,-1181
7800,0,-423
7801,0,1051
7802,0,-353
7803,0,208
7804,0,154
7805,0,25
7806,0,103
7807,0,942
7808,0,1168
7809,0,205
7810,0,168
7811,0,162
7812,0,108
7813,0,323
7814,0,564
7815,0,909
7816,0,309
7817,0,244
7818,0,355
7819,0,974
7820,0,778
7821,0,686
7822,0,20
7823,0,63
7824,0,415
7825,0,581
7826,0,3
7827,0,668
7828,0,733
7829,0,1024
7830,0,113
7831,0,863
7832,0,1331
7833,0,636
7834,0,-374
7835,0,-292
7836,0,-631
7837,0,430
7838,0,-96
7839,0,175
7840,0,-239
7841,0,7
7842,0,159
7843,0,782
7844,0,397
7845,0,537
7846,0,762
7847,0,-95
7848,0,74
7849,0,767
7850,0,-298
7851,0,304
7852,0,713
7853,0,758
7854,0,1452
7855,0,1201
7856,0,1054
7857,0,1224
7858,0,686
7859,0,375
7860,0,57
7861,0,339
7862,0,144
7863,0,108
7864,0,470
7865,0,803
7866,0,1051
7867,0,752
7868,0,247
7869,0,613
7870,0,594
7871,0,-932
7872,0,-281
7873,0,487
7874,0,567
7875,0,2229
7876,0,3933
7877,0,5835
7878,0,6269
7879,0,6168
7880,0,3205
7881,0,1413
7882,0,1802
7883,0,1131
7884,0,-441
7885,0,-659
7886,0,446
7887,0,-750
7888,0,-1209
7889,0,-55
7890,0,-22
7891,0,545
7892,0,871
7893,0,2205
7894,0,1662
7895,0,-312
7896,0,-1591
7897,0,-492
7898,0,1785
7899,0,3602
7900,0,4772
7901,0,5326
7902,0,6568
7903,0,6582
7904,0,4493
7905,0,1381
7906,0,-2
7907,0,-489
7908,0,-611
7909,0,-603
7910,0,-207
7911,0,-352
7912,0,-331
7913,0,259
7914,0,639
7915,0,638
7916,0,377
7917,0,361
7918,0,-129
7919,0,-496
7920,0,-700
7921,0,-508
7922,0,-71
7923,0,18
7924,0,1691
7925,0,1986
7926,0,773
7927,0,29
7928,0,1851
7929,0,646
7930,0,-85
7931,0,-33
7932,0,-527
7933,0,-52
7934,0,-1
7935,0,-683
7936,0,135
7937,0,412
7938,0,-8
7939,0,957
7940,0,103
7941,0,1622
7942,0,1552
7943,0,-570
7944,0,-265
7945,0,206
7946,0,-134
7947,0,770
7948,0,2123
7949,0,2238
7950,0,2119
7951,0,1099
7952,0,459
7953,0,139
7954,0,205
7955,0,263
7956,0,-959
7957,0,177
7958,0,-181
7959,0,-497
7960,0,-1079
7961,0,477
7962,0,192
7963,0,84
7964,0,1529
7965,0,2292
7966,0,-694
7967,0,-206
7968,0,-229
7969,0,-843
7970,0,-564
7971,0,979
7972,0,1950
7973,0,2774
7974,0,2285
7975,0,-84
7976,0,1664
7977,0,107
7978,0,585
7979,0,-351
7980,0,-634
7981,0,93
7982,0,255
7983,0,-69
7984,0,-579
7985,0,-1215
7986,0,-130
7987,0,271
7988,0,345
7989,0,2072
7990,0,2108
7991,0,-484
7992,0,8
7993,0,-286
7994,0,-821
7995,0,-899
7996,0,66
7997,0,593
7998,0,820
7999,0,562
8000,0,-431
8001,0,-264
8002,0,-87
8003,0,-1207
8004,0,-570
8005,0,-915
8006,0,-265
8007,0,-424
8008,0,-332
8009,0,705
8010,0,824
8011,0,393
8012,0,180
8013,0,1200
8014,0,2485
8015,0,1119
8016,0,-727
8017,0,67
8018,0,-520
8019,0,295
8020,0,280
8021,0,866
8022,0,1131
8023,0,1548
8024,0,1705
8025,0,1060
8026,0,-516
8027,0,320
8028,0,-121
8029,0,-284
8030,0,872
8031,0,89
8032,0,-373
8033,0,510
8034,0,24
8035,0,940
8036,0,853
8037,0,519
8038,0,266
8039,0,-211
8040,0,-287
8041,0,-714
8042,0,-645
8043,0,2042
8044,0,3329
8045,0,5055
8046,0,5422
8047,0,5342
8048,0,4841
8049,0,4582
8050,0,3952
8051,0,2218
8052,0,-877
8053,0,-344
8054,0,-98
8055,0,-443
8056,0,-324
8057,0,-495
8058,0,-510
8059,0,1165
8060,0,156
8061,0,522
8062,0,-176
8063,0,234
8064,0,-340
8065,0,57
8066,0,906
8067,0,3208
8068,0,4799
8069,0,5133
8070,0,5044
8071,0,4621
8072,0,892
8073,0,472
8074,0,-27
8075,0,-287
8076,0,-197
8077,0,-55
8078,0,238
8079,0,-335
8080,0,-178
8081,0,98
8082,0,-1387
8083,0,618
8084,0,1781
8085,0,686
8086,0,508
8087,0,339
8088,0,483
8089,0,873
8090,0,-368
8091,0,118
8092,0,441
8093,0,574
8094,0,390
8095,0,1319
8096,0,-1161
8097,0,153
8098,0,66
8099,0,-139
8100,0,-428
8101,0,1144
8102,0,2
8103,0,-1483
8104,0,-1007
8105,0,-528
8106,0,79
8107,0,624
8108,0,400
8109,0,1874
8110,0,929
8111,0,-213
8112,0,-915
8113,0,399
8114,0,-449
8115,0,280
8116,0,1075
8117,0,970
8118,0,1184
8119,0,324
8120,0,415
8121,0,943
8122,0,-643
8123,0,-613
8124,0,-859
8125,0,-290
8126,0,-119
8127,0,-778
8128,0,-291
8129,0,250
8130,0,927
8131,0,1064
8132,0,1300
8133,0,362
8134,0,995
8135,0,-904
8136,0,-582
8137,0,-240
8138,0,-1141
8139,0,-185
8140,0,803
8141,0,1888
8142,0,2308
8143,0,471
8144,0,711
8145,0,730
8146,0,1608
8147,0,262
8148,0,-333
8149,0,-277
8150,0,211
8151,0,-163
8152,0,-286
8153,0,665
8154,0,1961
8155,0,2230
8156,0,1732
8157,0,807
8158,0,1315
8159,0,-270
8160,0,-636
8161,0,901
8162,0,-308
8163,0,1335
8164,0,3040
8165,0,3423
8166,0,3458
8167,0,3741
8168,0,3189
8169,0,2878
8170,0,795
8171,0,-439
8172,0,-721
8173,0,600
8174,0,1162
8175,0,1587
8176,0,1389
8177,0,2181
8178,0,1804
8179,0,1343
8180,0,296
8181,0,713
8182,0,407
8183,0,-929
8184,0,-406
8185,0,385
8186,0,604
8187,0,1242
8188,0,3107
8189,0,3619
8190,0,4520
8191,0,4462
8192,0,3434
8193,0,1273
8194,0,2228
8195,0,2138
8196,0,660
8197,0,-54
8198,0,299
8199,0,709
8200,0,-447
8201,0,788
8202,0,2345
8203,0,2364
8204,0,1104
8205,0,500
8206,0,1087
8207,0,666
8208,0,-655
8209,0,-682
8210,0,-733
8211,0,174
8212,0,1045
8213,0,1497
8214,0,2507
8215,0,2904
8216,0,2660
8217,0,2144
8218,0,1874
8219,0,793
8220,0,-708
8221,0,-393
8222,0,141
8223,0,-29
8224,0,327
8225,0,973
8226,0,1674
8227,0,2214
8228,0,220
8229,0,908
8230,0,578
8231,0,-417
8232,0,-1200
8233,0,28
8234,0,-624
8235,0,275
8236,0,1436
8237,0,1576
8238,0,1429
8239,0,1789
8240,0,1919
8241,0,601
8242,0,-786
8243,0,-422
8244,0,-605
8245,0,-70
8246,0,321
8247,0,-67
8248,0,-342
8249,0,10
8250,0,-369
8251,0,53
8252,0,1217
8253,0,1312
8254,0,252
8255,0,-744
8256,0,-1364
8257,0,59
8258,0,-1268
8259,0,249
8260,0,-268
8261,0,-4
8262,0,171
8263,0,-392
8264,0,639
8265,0,-690
8266,0,-228
8267,0,368
8268,0,244
8269,0,1247
8270,0,-525
8271,0,-509
8272,0,-1963
8273,0,-313
8274,0,427
8275,0,259
8276,0,218
8277,0,3115
8278,0,1527
8279,0,-504
8280,0,129
8281,0,442
8282,0,-1305
8283,0,-565
8284,0,-617
8285,0,-91
8286,0,-775
8287,0,-1698
8288,0,610
8289,0,556
8290,0,-263
8291,0,-226
8292,0,-5
8293,0,-102
8294,0,863
8295,0,-558
8296,0,-988
8297,0,98
8298,0,293
8299,0,922
8300,0,337
8301,0,423
8302,0,786
8303,0,-191
8304,0,-1325
8305,0,-316
8306,0,-410
8307,0,494
8308,0,1812
8309,0,3215
8310,0,3056
8311,0,2766
8312,0,2648
8313,0,361
8314,0,-330
8315,0,-259
8316,0,-149
8317,0,-966
8318,0,-306
8319,0,-512
8320,0,-307
8321,0,-533
8322,0,-156
8323,0,467
8324,0,-104
8325,0,575
8326,0,128
8327,0,-1058
8328,0,-733
8329,0,-868
8330,0,-1163
8331,0,-714
8332,0,501
8333,0,896
8334,0,928
8335,0,1367
8336,0,1266
8337,0,-133
8338,0,-227
8339,0,-700
8340,0,-998
8341,0,-824
8342,0,36
8343,0,-568
8344,0,743
8345,0,1465
8346,0,1658
8347,0,1189
8348,0,87
8349,0,613
8350,0,395
8351,0,-250
8352,0,-702
8353,0,636
8354,0,-1095
8355,0,-622
8356,0,-277
8357,0,343
8358,0,843
8359,0,958
8360,0,2012
8361,0,1561
8362,0,1783
8363,0,798
8364,0,-621
8365,0,-693
8366,0,34
8367,0,318
8368,0,-745
8369,0,-132
8370,0,701
8371,0,859
8372,0,315
8373,0,1949
8374,0,751
8375,0,-934
8376,0,-1510
8377,0,-1374
8378,0,230
8379,0,478
8380,0,2869
8381,0,4685
8382,0,4395
8383,0,3019
8384,0,2791
8385,0,2083
8386,0,2549
8387,0,2984
8388,0,2030
8389,0,1448
8390,0,674
8391,0,236
8392,0,-665
8393,0,235
8394,0,88
8395,0,1289
8396,0,935
8397,0,1218
8398,0,1295
8399,0,-1129
8400,0,-461
8401,0,-1047
8402,0,-422
8403,0,1689
8404,0,3562
8405,0,4504
8406,0,3745
8407,0,901
8408,0,1156
8409,0,518
8410,0,279
8411,0,108
8412,0,-98
8413,0,-166
8414,0,-16
8415,0,-170
8416,0,-191
8417,0,146
8418,0,1176
8419,0,810
8420,0,89
8421,0,797
8422,0,2484
8423,0,-533
8424,0,-781
8425,0,549
8426,0,-938
8427,0,-147
8428,0,1676
8429,0,1942
8430,0,1976
8431,0,1868
8432,0,2159
8433,0,818
8434,0,-714
8435,0,-470
8436,0,-338
8437,0,-73
8438,0,-70
8439,0,-625
8440,0,344
8441,0,-278
8442,0,174
8443,0,560
8444,0,825
8445,0,2202
8446,0,677
8447,0,-842
8448,0,50
8449,0,155
8450,0,-358
8451,0,-215
8452,0,1192
8453,0,2092
8454,0,3210
8455,0,2058
8456,0,1181
8457,0,703
8458,0,-201
8459,0,-238
8460,0,-1367
8461,0,-576
8462,0,3
8463,0,-1025
8464,0,445
8465,0,1079
8466,0,911
8467,0,357
8468,0,1229
8469,0,2934
8470,0,870
8471,0,-853
8472,0,-632
8473,0,-338
8474,0,-30
8475,0,498
8476,0,2634
8477,0,1836
8478,0,953
8479,0,1604
8480,0,710
8481,0,178
8482,0,788
8483,0,1170
8484,0,-1329
8485,0,-705
8486,0,299
8487,0,-480
8488,0,-478
8489,0,138
8490,0,174
8491,0,499
8492,0,1271
8493,0,1113
8494,0,145
8495,0,-1126
8496,0,-1079
8497,0,-98
8498,0,-371
8499,0,2
8500,0,793
8501,0,1675
8502,0,2005
8503,0,2097
8504,0,2015
8505,0,1667
8506,0,-78
8507,0,-548
8508,0,-717
8509,0,-757
8510,0,-354
8511,0,-565
8512,0,-142
8513,0,-146
8514,0,1032
8515,0,1555
8516,0,20
8517,0,427
8518,0,-78
8519,0,-708
8520,0,-1271
8521,0,-984
8522,0,-301
8523,0,422
8524,0,1379
8525,0,1886
8526,0,1667
8527,0,1593
8528,0,2498
8529,0,1758
8530,0,1435
8531,0,809
8532,0,-490
8533,0,-930
8534,0,-259
8535,0,-302
8536,0,-230
8537,0,-49
8538,0,816
8539,0,150
8540,0,715
8541,0,501
8542,0,401
8543,0,139
8544,0,-835
8545,0,-1022
8546,0,-786
8547,0,367
8548,0,713
8549,0,1561
8550,0,1730
8551,0,2074
8552,0,2641
8553,0,2837
8554,0,2617
8555,0,1919
8556,0,61
8557,0,-780
8558,0,-103
8559,0,-30
8560,0,-666
8561,0,40
8562,0,777
8563,0,1496
8564,0,282
8565,0,626
8566,0,-648
8567,0,167
8568,0,-1003
8569,0,-973
8570,0,-400
8571,0,-146
8572,0,840
8573,0,1722
8574,0,1348
8575,0,1985
8576,0,2694
8577,0,1923
8578,0,510
8579,0,-6
8580,0,-40
8581,0,-81
8582,0,84
8583,0,-135
8584,0,-200
8585,0,-1
8586,0,-795
8587,0,1525
8588,0,739
8589,0,165
8590,0,493
8591,0,566
8592,0,-729
8593,0,-2
8594,0,754
8595,0,393
8596,0,467
8597,0,1164
8598,0,1138
8599,0,1706
8600,0,1465
8601,0,1729
8602,0,2249
8603,0,2460
8604,0,1695
8605,0,1075
8606,0,797
8607,0,210
8608,0,823
8609,0,1171
8610,0,1954
8611,0,1824
8612,0,1087
8613,0,757
8614,0,-534
8615,0,284
8616,0,-297
8617,0,194
8618,0,474
8619,0,824
8620,0,1760
8621,0,2452
8622,0,2593
8623,0,3409
8624,0,2434
8625,0,1315
8626,0,-53
8627,0,-54
8628,0,-3011
8629,0,-313
8630,0,96
8631,0,-133
8632,0,-195
8633,0,-7
8634,0,-163
8635,0,-158
8636,0,941
8637,0,1131
8638,0,360
8639,0,156
8640,0,-703
8641,0,380
8642,0,-385
8643,0,328
8644,0,1418
8645,0,1584
8646,0,1258
8647,0,713
8648,0,333
8649,0,885
8650,0,-525
8651,0,422
8652,0,-136
8653,0,-52
8654,0,-158
8655,0,374
8656,0,-1145
8657,0,-1691
8658,0,-749
8659,0,707
8660,0,1032
8661,0,2194
8662,0,634
8663,0,373
8664,0,-851
8665,0,1112
8666,0,-1127
8667,0,-142
8668,0,-18
8669,0,578
8670,0,736
8671,0,962
8672,0,1277
8673,0,417
8674,0,-535
8675,0,36
8676,0,-254
8677,0,-1179
8678,0,184
8679,0,-899
8680,0,-1388
8681,0,-1286
8682,0,-273
8683,0,115
8684,0,634
8685,0,2675
8686,0,1337
8687,0,182
8688,0,-285
8689,0,-454
8690,0,-1164
8691,0,224
8692,0,2068
8693,0,3876
8694,0,4574
8695,0,5245
8696,0,4457
8697,0,3367
8698,0,3417
8699,0,1342
8700,0,-826
8701,0,-1005
8702,0,-85
8703,0,-383
8704,0,-1343
8705,0,-307
8706,0,425
8707,0,2121
8708,0,242
8709,0,770
8710,0,373
8711,0,63
8712,0,-942
8713,0,-969
8714,0,-251
8715,0,1060
8716,0,2297
8717,0,3800
8718,0,4129
8719,0,4016
8720,0,3689
8721,0,3480
8722,0,2108
8723,0,669
8724,0,-827
8725,0,-337
8726,0,-66
8727,0,-363
8728,0,-565
8729,0,138
8730,0,965
8731,0,2076
8732,0,613
8733,0,731
8734,0,-319
8735,0,52
8736,0,-894
8737,0,-1625
8738,0,-1351
8739,0,-410
8740,0,481
8741,0,1067
8742,0,1043
8743,0,1517
8744,0,1854
8745,0,1195
8746,0,563
8747,0,-1
8748,0,-1103
8749,0,-764
8750,0,-129
8751,0,-614
8752,0,-164
8753,0,161
8754,0,597
8755,0,1816
8756,0,421
8757,0,551
8758,0,-156
8759,0,-693
8760,0,-955
8761,0,609